playedPositions,playedPositionsShort,teamRegionName,tournamentShortName,apps,subOn,manOfTheMatch,goal,assistTotal,name,playerId,positionText,teamId,teamName,tournamentRegionName,tournamentName,minsPlayed,yellowCard,redCard,ranking
-AMC-FW-,"AM(C),FW",Germany,UCL,4,0,2,5,0,Harry Kane,83532,Forward,37,Bayern,Europe,Champions League,311,0,0,1
-FW-,FW,Turkey,UCL,3,0,2,6,0,Victor Osimhen,298510,Forward,294,Galatasaray,Europe,Champions League,226,0,0,2
-FW-,FW,Italy,UCL,3,0,3,4,0,Lautaro Martínez,299344,Forward,75,Inter,Europe,Champions League,172,1,0,3
-AMC-AML-AMR-FW-,"AM(CLR),FW",Spain,UCL,4,0,2,5,0,Kylian Mbappé,300713,Forward,52,Real Madrid,Europe,Champions League,351,0,0,4
-AMC-AML-AMR-FW-,"AM(CLR),FW",England,UCL,3,0,2,2,1,Phil Foden,331254,Midfielder,167,Man City,Europe,Champions League,270,0,0,5
-AMC-AML-AMR-FW-,"AM(CLR),FW",Spain,UCL,3,0,2,2,2,Julián Alvarez,365409,Forward,63,Atletico,Europe,Champions League,270,0,0,6
-AMC-AML-AMR-FW-,"AM(CLR),FW",France,UCL,3,0,1,2,1,Khvicha Kvaratskhelia,370984,Forward,304,PSG,Europe,Champions League,228,0,0,7
-AMC-AML-AMR-FW-,"AM(CLR),FW",Spain,UCL,4,0,1,4,1,Marcus Rashford,300299,Forward,65,Barcelona,Europe,Champions League,327,0,0,8
-AMR-,AM(R),Spain,UCL,3,0,0,2,1,Lamine Yamal,480249,Forward,65,Barcelona,Europe,Champions League,255,2,0,9
-AMC-AML-,AM(CL),Spain,UCL,3,0,1,3,2,Fermín López,463838,Midfielder,65,Barcelona,Europe,Champions League,270,2,0,10
-DL-ML-,"D(L),M(L)",France,UCL,4,0,1,2,2,Nuno Mendes,395221,Defender,304,PSG,Europe,Champions League,345,2,0,11
-AMC-AML-AMR-,AM(CLR),Germany,UCL,4,0,0,1,2,Michael Olise,371281,Midfielder,37,Bayern,Europe,Champions League,334,1,0,12
-FW-,FW,England,UCL,4,0,1,5,0,Erling Haaland,315227,Forward,167,Man City,Europe,Champions League,342,0,0,13
-AMC-AML-AMR-,AM(CLR),Norway,UCL,4,0,2,2,0,Jens Petter Hauge,320977,Midfielder,439,Bodoe/Glimt,Europe,Champions League,356,0,0,14
-AML-AMR-FW-,"AM(LR),FW",England,UCL,3,1,0,3,1,Gabriel Martinelli,380706,Forward,13,Arsenal,Europe,Champions League,182,0,0,15
-FW-MC-ML-MR-,"M(CLR),FW",England,UCL,4,0,1,1,3,Dominik Szoboszlai,369875,Midfielder,26,Liverpool,Europe,Champions League,360,0,0,16
-FW-MC-ML-MR-,"M(CLR),FW",Italy,UCL,4,1,1,1,2,Hakan Çalhanoglu,110373,Midfielder,75,Inter,Europe,Champions League,255,0,0,17
-GK-,GK,Spain,UCL,4,0,1,0,1,Thibaut Courtois,73798,Goalkeeper,52,Real Madrid,Europe,Champions League,360,0,0,18
-DC-DL-,D(CL),England,UCL,4,0,1,2,0,Micky van de Ven,425229,Defender,30,Tottenham,Europe,Champions League,360,2,0,19
-AMC-AML-AMR-FW-,"AM(CLR),FW",Portugal,UCL,4,0,1,2,1,Trincão,368409,Forward,296,Sporting,Europe,Champions League,316,0,0,20
-DL-MC-ML-MR-,"D(L),M(CLR)",England,UCL,3,1,0,2,0,Bukayo Saka,367185,Forward,13,Arsenal,Europe,Champions League,197,0,0,21
-DC-DL-ML-,"D(CL),M(L)",England,UCL,4,0,1,1,0,Dan Burn,82277,Defender,23,Newcastle,Europe,Champions League,335,1,0,22
-GK-,GK,England,UCL,4,0,0,0,1,Nick Pope,105720,Goalkeeper,23,Newcastle,Europe,Champions League,360,0,0,23
-AML-FW-,"AM(L),FW",Italy,UCL,3,1,0,2,1,Marcus Thuram,296322,Forward,75,Inter,Europe,Champions League,172,1,0,24
-FW-MC-ML-MR-,"M(CLR),FW",England,UCL,3,1,1,1,2,Leandro Trossard,113994,Forward,13,Arsenal,Europe,Champions League,170,0,0,25
-MC-ML-,M(CL),Belgium,UCL,4,0,1,1,2,Hans Vanaken,243567,Midfielder,124,Club Brugge,Europe,Champions League,360,1,0,26
,Goalkeeper,Kazakhstan,UCL,2,0,0,0,0,Temirlan Anarbekov,421734,Goalkeeper,1770,Kairat Almaty,Europe,Champions League,180,0,0,27
-DL-DR-MC-ML-,"D(LR),M(CL)",Germany,UCL,2,0,0,1,0,Raphaël Guerreiro,115375,Defender,37,Bayern,Europe,Champions League,159,0,0,28
-AMC-AML-AMR-FW-,"AM(CLR),FW",England,UCL,4,0,2,4,1,Anthony Gordon,349669,Forward,23,Newcastle,Europe,Champions League,306,0,0,29
-DC-,D(C),Italy,UCL,3,0,0,0,1,Alessandro Bastoni,329665,Defender,75,Inter,Europe,Champions League,239,0,0,30
-AML-AMR-FW-,"AM(LR),FW",Germany,UCL,4,0,1,3,0,Luis Díaz,377168,Forward,37,Bayern,Europe,Champions League,269,0,1,31
-FW-,FW,Germany,UCL,3,2,0,2,1,Nicolas Jackson,426050,Forward,37,Bayern,Europe,Champions League,112,0,0,32
-DC-DMC-DR-,"D(CR),DMC",France,UCL,3,0,0,1,0,Jordan Teze,361839,Defender,248,Monaco,Europe,Champions League,270,0,0,33
-AMC-AML-AMR-FW-,"AM(CLR),FW",France,UCL,4,0,0,1,1,Mason Greenwood,367782,Forward,249,Marseille,Europe,Champions League,316,0,0,34
-DC-DL-,D(CL),England,UCL,4,0,0,0,1,Josko Gvardiol,402664,Defender,167,Man City,Europe,Champions League,350,0,0,35
-DC-,D(C),England,UCL,4,0,0,1,1,Gabriel Magalhães,334087,Defender,13,Arsenal,Europe,Champions League,327,1,0,36
-AMC-AML-FW-,"AM(CL),FW",Spain,UCL,2,0,0,1,1,Giacomo Raspadori,371497,Forward,63,Atletico,Europe,Champions League,108,0,0,37
-FW-MC-,"M(C),FW",England,UCL,4,1,1,2,0,Mikel Merino,238916,Midfielder,13,Arsenal,Europe,Champions League,245,1,0,38
-MC-ML-MR-,M(CLR),England,UCL,4,0,0,1,1,Jérémy Doku,388098,Forward,167,Man City,Europe,Champions League,281,0,0,39
-DL-DR-MR-,"D(LR),M(R)",England,UCL,4,0,0,0,1,Kieran Trippier,83078,Defender,23,Newcastle,Europe,Champions League,339,0,0,40
-FW-MC-ML-MR-,"M(CLR),FW",Turkey,UCL,3,0,0,0,2,Leroy Sané,144711,Forward,294,Galatasaray,Europe,Champions League,247,0,0,41
-GK-,GK,Cyprus,UCL,4,0,0,0,0,Neofytos Michael,296202,Goalkeeper,2748,Pafos FC,Europe,Champions League,360,0,0,42
-DC-DMC-DR-,"D(CR),DMC",Cyprus,UCL,4,0,2,1,0,Derrick Luckassen,231140,Defender,2748,Pafos FC,Europe,Champions League,360,1,0,43
-DMC-,DMC,England,UCL,3,0,0,0,0,Martín Zubimendi,372424,Midfielder,13,Arsenal,Europe,Champions League,253,3,0,44
-AMC-AML-AMR-FW-,"AM(CLR),FW",Germany,UCL,3,0,0,1,2,Karim Adeyemi,392646,Forward,44,Borussia Dortmund,Europe,Champions League,234,0,0,45
-MC-,M(C),Germany,UCL,4,1,1,3,0,Felix Nmecha,367783,Midfielder,44,Borussia Dortmund,Europe,Champions League,259,0,0,46
-DC-,D(C),Spain,UCL,3,0,0,0,0,Dean Huijsen,468852,Defender,52,Real Madrid,Europe,Champions League,270,1,0,47
-GK-,GK,Italy,UCL,4,0,2,0,0,Marco Carnesecchi,383278,Goalkeeper,300,Atalanta,Europe,Champions League,360,0,0,48
-AMC-AMR-,AM(CR),England,UCL,4,2,2,2,0,Estêvão,510728,Forward,15,Chelsea,Europe,Champions League,225,1,0,49
-GK-,GK,France,UCL,4,0,0,0,0,Gerónimo Rulli,125375,Goalkeeper,249,Marseille,Europe,Champions League,360,0,0,50
-DL-ML-,"D(L),M(L)",England,UCL,3,0,0,1,1,Andy Robertson,115726,Defender,26,Liverpool,Europe,Champions League,264,0,0,51
-DC-DL-ML-,"D(CL),M(L)",Italy,UCL,3,1,0,1,0,Carlos Augusto,357897,Defender,75,Inter,Europe,Champions League,190,0,0,52
-AMC-AML-AMR-,AM(CLR),France,UCL,4,1,1,3,1,Igor Paixão,436553,Forward,249,Marseille,Europe,Champions League,224,0,0,53
-DR-MR-,"D(R),M(R)",Italy,UCL,4,0,0,2,0,Denzel Dumfries,322153,Defender,75,Inter,Europe,Champions League,333,0,0,54
-DR-,D(R),Azerbaijan,UCL,4,0,1,0,0,Matheus Silva,401149,Defender,2569,Qarabag FK,Europe,Champions League,349,2,0,55
-AML-AMR-,AM(LR),Belgium,UCL,4,0,1,2,2,Carlos Forbs,468850,Forward,124,Club Brugge,Europe,Champions League,260,0,0,56
-DC-,D(C),Italy,UCL,3,0,0,1,0,Federico Gatti,439909,Defender,87,Juventus,Europe,Champions League,270,0,0,57
-MC-,M(C),France,UCL,4,0,0,1,1,Vitinha,384887,Midfielder,304,PSG,Europe,Champions League,360,0,0,58
-MC-ML-,M(CL),Spain,UCL,3,0,0,0,1,Pedri,402197,Midfielder,65,Barcelona,Europe,Champions League,249,0,0,59
-GK-,GK,England,UCL,4,0,1,0,0,Guglielmo Vicario,147863,Goalkeeper,30,Tottenham,Europe,Champions League,360,0,0,60
-AML-AMR-,AM(LR),Belgium,UCL,4,0,0,1,1,Christos Tzolis,399296,Forward,124,Club Brugge,Europe,Champions League,350,0,0,61
-AML-AMR-FW-,"AM(LR),FW",France,UCL,4,0,1,0,2,Bradley Barcola,425366,Forward,304,PSG,Europe,Champions League,308,0,0,62
-DL-DR-MC-MR-,"D(LR),M(CR)",Germany,UCL,4,0,0,0,2,Konrad Laimer,248010,Midfielder,37,Bayern,Europe,Champions League,353,1,0,63
-DL-ML-,"D(L),M(L)",Germany,UCL,4,0,1,1,1,Alejandro Grimaldo,107252,Defender,36,Leverkusen,Europe,Champions League,360,0,0,64
-DC-DL-ML-,"D(CL),M(L)",Italy,UCL,4,1,0,0,0,Federico Dimarco,255929,Defender,75,Inter,Europe,Champions League,291,0,0,65
-AMR-FW-,"AM(R),FW",Germany,UCL,2,1,0,1,0,Patrik Schick,243565,Forward,36,Leverkusen,Europe,Champions League,123,0,0,66
-AMC-AML-AMR-FW-,"AM(CLR),FW",England,UCL,4,0,0,0,2,Florian Wirtz,394786,Midfielder,26,Liverpool,Europe,Champions League,342,0,0,67
-DC-DR-MR-,"D(CR),M(R)",Turkey,UCL,3,0,0,0,0,Wilfried Singo,371063,Defender,294,Galatasaray,Europe,Champions League,270,0,0,68
-FW-MC-ML-MR-,"M(CLR),FW",France,UCL,4,0,1,1,3,Pierre-Emerick Aubameyang,44120,Forward,249,Marseille,Europe,Champions League,352,0,0,69
-DC-DMC-,"D(C),DMC",England,UCL,4,1,0,0,2,Declan Rice,332325,Midfielder,13,Arsenal,Europe,Champions League,293,2,0,70
-AMC-AML-AMR-FW-,"AM(CLR),FW",England,UCL,4,1,0,1,1,Cody Gakpo,352825,Forward,26,Liverpool,Europe,Champions League,205,0,0,71
-FW-,FW,Spain,UCL,3,2,1,3,0,Gorka Guruzeta,362602,Forward,53,Athletic Club,Europe,Champions League,157,0,0,72
-AML-FW-,"AM(L),FW",Germany,UCL,4,0,1,1,2,Serhou Guirassy,236506,Forward,44,Borussia Dortmund,Europe,Champions League,334,0,0,73
-DC-,D(C),England,UCL,4,0,0,2,0,Virgil van Dijk,95408,Defender,26,Liverpool,Europe,Champions League,360,0,0,74
-DC-DMC-DR-,"D(CR),DMC",France,UCL,2,0,0,1,0,Marquinhos,101949,Defender,304,PSG,Europe,Champions League,180,0,0,75
-DL-,D(L),England,UCL,3,1,0,0,1,Myles Lewis-Skelly,467918,Defender,13,Arsenal,Europe,Champions League,197,1,0,76
-AMC-AML-AMR-FW-,"AM(CLR),FW",Spain,UCL,3,2,0,0,1,Rodrygo,347862,Forward,52,Real Madrid,Europe,Champions League,104,0,0,77
-GK-,GK,England,UCL,4,0,0,0,0,David Raya,276366,Goalkeeper,13,Arsenal,Europe,Champions League,360,0,0,78
-DC-,D(C),Italy,UCL,3,0,0,0,1,Yann Bisseck,349126,Defender,75,Inter,Europe,Champions League,238,1,0,79
,Midfielder,Germany,UCL,2,1,0,1,0,Lennart Karl,557706,Midfielder,37,Bayern,Europe,Champions League,86,0,0,80
-AMC-AML-,AM(CL),England,UCL,4,2,0,3,1,Harvey Barnes,331382,Midfielder,23,Newcastle,Europe,Champions League,172,0,0,81
-GK-,GK,Italy,UCL,4,0,0,0,0,Yann Sommer,35758,Goalkeeper,75,Inter,Europe,Champions League,360,0,0,82
-FW-,FW,Italy,UCL,4,1,0,1,2,Francesco Pio Esposito,497222,Forward,75,Inter,Europe,Champions League,274,0,0,83
-DR-MR-,"D(R),M(R)",England,UCL,4,0,0,0,1,Pedro Porro,362352,Defender,30,Tottenham,Europe,Champions League,360,1,0,84
-GK-,GK,Germany,UCL,3,0,0,0,0,Michael Zetterer,280191,Goalkeeper,45,Eintracht Frankfurt,Europe,Champions League,270,1,0,85
-GK-,GK,Norway,UCL,4,0,0,0,0,Nikita Haikin,275011,Goalkeeper,439,Bodoe/Glimt,Europe,Champions League,360,0,0,86
-DC-,D(C),England,UCL,4,1,0,0,0,Malick Thiaw,393355,Defender,23,Newcastle,Europe,Champions League,297,1,0,87
-DL-DR-MC-ML-MR-,"D(LR),M(CLR)",Netherlands,UCL,3,0,0,0,1,Mauro Júnior,346767,Defender,129,PSV Eindhoven,Europe,Champions League,270,0,0,88
-DC-,D(C),England,UCL,3,0,0,0,0,William Saliba,361822,Defender,13,Arsenal,Europe,Champions League,270,0,0,89
-AMC-AML-AMR-FW-,"AM(CLR),FW",England,UCL,3,0,0,1,0,Wilson Odobert,444751,Forward,30,Tottenham,Europe,Champions League,239,0,0,90
,Forward,Norway,UCL,2,2,0,1,0,Daniel Bassi,437444,Forward,439,Bodoe/Glimt,Europe,Champions League,66,0,0,91
-DR-FW-MC-MR-,"D(R),M(CR),FW",Spain,UCL,4,1,0,3,0,Marcos Llorente,254582,Midfielder,63,Atletico,Europe,Champions League,272,0,0,92
-AMR-,AM(R),Azerbaijan,UCL,4,0,0,3,0,Leandro Andrade,443690,Midfielder,2569,Qarabag FK,Europe,Champions League,261,0,0,93
-FW-MC-ML-MR-,"M(CLR),FW",Spain,UCL,3,1,1,1,0,Jude Bellingham,379868,Midfielder,52,Real Madrid,Europe,Champions League,190,1,0,94
-AML-FW-,"AM(L),FW",England,UCL,3,0,1,2,0,Viktor Gyökeres,362815,Forward,13,Arsenal,Europe,Champions League,238,0,0,95
-DL-,D(L),England,UCL,3,0,0,0,1,Nico O'Reilly,468847,Midfielder,167,Man City,Europe,Champions League,266,1,0,96
-FW-,FW,Belgium,UCL,4,0,0,2,1,Nicolò Tresoldi,432044,Forward,124,Club Brugge,Europe,Champions League,297,0,0,97
-FW-MC-ML-MR-,"M(CLR),FW",England,UCL,3,1,0,0,0,Mohammed Kudus,400166,Midfielder,30,Tottenham,Europe,Champions League,200,0,0,98
-FW-,FW,Italy,UCL,4,2,1,3,1,Dusan Vlahovic,315369,Forward,87,Juventus,Europe,Champions League,193,0,0,99
-DC-,D(C),England,UCL,4,1,0,0,0,Sven Botman,379732,Defender,23,Newcastle,Europe,Champions League,284,0,0,100
-FW-MC-ML-,"M(CL),FW",Greece,UCL,4,0,0,0,1,Chiquinho,361961,Midfielder,843,Olympiacos,Europe,Champions League,281,0,0,101
-DC-DMC-,"D(C),DMC",Spain,UCL,4,0,0,0,0,Aurélien Tchouaméni,353423,Midfielder,52,Real Madrid,Europe,Champions League,350,1,0,102
-DC-,D(C),England,UCL,4,0,0,1,0,Ibrahima Konaté,345957,Defender,26,Liverpool,Europe,Champions League,345,0,0,103
-AMC-AML-AMR-FW-,"AM(CLR),FW",Italy,UCL,4,0,1,1,1,Kenan Yildiz,494525,Forward,87,Juventus,Europe,Champions League,328,0,0,104
-MC-,M(C),France,UCL,4,1,0,0,0,Mamadou Coulibaly,482049,Midfielder,248,Monaco,Europe,Champions League,307,1,0,105
-DMC-DR-,"D(R),DMC",France,UCL,2,1,0,1,0,João Neves,465388,Midfielder,304,PSG,Europe,Champions League,82,0,0,106
-DC-,D(C),Italy,UCL,3,0,0,0,0,Stefan de Vrij,82399,Defender,75,Inter,Europe,Champions League,226,1,0,107
-DC-DR-,D(CR),Spain,UCL,4,0,0,0,1,Jules Koundé,301019,Defender,65,Barcelona,Europe,Champions League,345,1,0,108
-DC-DMC-,"D(C),DMC",England,UCL,2,0,0,0,0,Rodri,303139,Midfielder,167,Man City,Europe,Champions League,121,1,0,109
-DC-DL-,D(CL),Netherlands,UCL,4,0,0,0,0,Yarek Gasiorowski,504417,Defender,129,PSV Eindhoven,Europe,Champions League,316,1,0,110
-AML-AMR-,AM(LR),Spain,UCL,4,0,0,1,1,Giuliano Simeone,422918,Forward,63,Atletico,Europe,Champions League,325,0,0,111
-DC-DL-DR-,D(CLR),England,UCL,4,1,0,0,0,Jurriën Timber,388650,Defender,13,Arsenal,Europe,Champions League,278,0,0,112
-AMC-AML-AMR-FW-,"AM(CLR),FW",Spain,UCL,4,1,0,1,0,Antoine Griezmann,80241,Forward,63,Atletico,Europe,Champions League,231,0,0,113
-DMC-,DMC,Belgium,UCL,2,0,0,1,0,Raphael Onyedika,425338,Midfielder,124,Club Brugge,Europe,Champions League,165,1,0,114
-AMC-AML-AMR-,AM(CLR),Turkey,UCL,3,0,0,2,0,Yunus Akgün,361709,Forward,294,Galatasaray,Europe,Champions League,223,0,0,115
-AMC-AMR-,AM(CR),Spain,UCL,4,0,0,0,1,Arda Güler,415181,Midfielder,52,Real Madrid,Europe,Champions League,308,0,0,116
-MC-ML-MR-,M(CLR),Portugal,UCL,4,0,0,1,1,Geovany Quenda,509068,Midfielder,296,Sporting,Europe,Champions League,311,1,0,117
-AMC-AML-AMR-FW-,"AM(CLR),FW",Spain,UCL,4,0,1,0,1,Nicolas Pépé,239872,Forward,839,Villarreal,Europe,Champions League,360,0,0,118
-DMC-,DMC,Portugal,UCL,4,0,0,1,0,Enzo Barrenechea,456787,Midfielder,299,Benfica,Europe,Champions League,360,1,0,119
-GK-,GK,France,UCL,4,0,0,0,0,Philipp Köhn,383689,Goalkeeper,248,Monaco,Europe,Champions League,360,0,0,120
-DC-,D(C),Turkey,UCL,4,0,0,0,0,Davinson Sánchez,322655,Defender,294,Galatasaray,Europe,Champions League,360,0,0,121
-AMC-AMR-FW-,"AM(CR),FW",Germany,UCL,4,1,1,2,1,Jonathan Burkardt,363037,Forward,45,Eintracht Frankfurt,Europe,Champions League,283,1,0,122
-AMC-AML-AMR-FW-,"AM(CLR),FW",England,UCL,4,2,1,1,1,Mohamed Salah,108226,Forward,26,Liverpool,Europe,Champions League,224,0,0,123
-FW-MC-,"M(C),FW",France,UCL,4,1,0,1,0,Senny Mayulu,513665,Midfielder,304,PSG,Europe,Champions League,237,0,0,124
-DC-DR-,D(CR),Spain,UCL,3,0,0,0,0,Éder Militão,337879,Defender,52,Real Madrid,Europe,Champions League,270,1,0,125
-DL-DR-MR-,"D(LR),M(R)",France,UCL,4,0,0,0,3,Achraf Hakimi,320834,Defender,304,PSG,Europe,Champions League,322,1,0,126
-AMC-AMR-,AM(CR),Azerbaijan,UCL,4,0,0,0,0,Kady Borges,319707,Midfielder,2569,Qarabag FK,Europe,Champions League,301,0,0,127
-AMC-AML-AMR-,AM(CLR),Czech Republic,UCL,4,0,1,0,2,Lukás Provod,383685,Midfielder,349,Slavia Prague,Europe,Champions League,341,0,0,128
-MC-ML-,M(CL),Netherlands,UCL,4,0,0,0,1,Joey Veerman,382556,Midfielder,129,PSV Eindhoven,Europe,Champions League,360,1,0,129
-DL-ML-,"D(L),M(L)",Spain,UCL,2,1,0,0,0,Yuri Berchiche,56057,Defender,53,Athletic Club,Europe,Champions League,112,0,0,130
-DC-DL-ML-,"D(CL),M(L)",Spain,UCL,3,0,0,0,0,Álvaro Carreras,437583,Defender,52,Real Madrid,Europe,Champions League,270,2,0,131
-FW-MC-ML-MR-,"M(CLR),FW",Italy,UCL,3,0,1,0,2,Kevin De Bruyne,73084,Midfielder,276,Napoli,Europe,Champions League,191,0,0,132
-AMC-AML-,AM(CL),England,UCL,3,1,0,0,1,Jamie Gittens,436425,Forward,15,Chelsea,Europe,Champions League,165,0,0,133
-MC-,M(C),Italy,UCL,3,0,0,0,1,Éderson,362556,Midfielder,300,Atalanta,Europe,Champions League,241,1,0,134
-AMC-AML-AMR-FW-,"AM(CLR),FW",Germany,UCL,3,1,0,0,1,Serge Gnabry,119501,Forward,37,Bayern,Europe,Champions League,181,0,0,135
,Goalkeeper,Czech Republic,UCL,2,0,0,0,0,Jakub Markovic,383684,Goalkeeper,349,Slavia Prague,Europe,Champions League,180,0,0,136
-DC-DMC-,"D(C),DMC",Cyprus,UCL,4,0,0,0,0,David Luiz,27586,Defender,2748,Pafos FC,Europe,Champions League,273,0,0,137
-DC-DL-,D(CL),France,UCL,3,0,0,0,0,Mohammed Salisu,362357,Defender,248,Monaco,Europe,Champions League,263,1,0,138
-DL-ML-,"D(L),M(L)",Germany,UCL,4,0,0,0,1,Nathaniel Brown,445354,Defender,45,Eintracht Frankfurt,Europe,Champions League,341,1,0,139
-AMC-AML-AMR-FW-,"AM(CLR),FW",Greece,UCL,4,0,0,0,0,Daniel Podence,300513,Forward,843,Olympiacos,Europe,Champions League,342,1,0,140
-DC-,D(C),Germany,UCL,4,0,0,0,0,Dayot Upamecano,327721,Defender,37,Bayern,Europe,Champions League,334,0,0,141
-DMC-,DMC,England,UCL,4,0,0,0,0,Bruno Guimarães,338780,Midfielder,23,Newcastle,Europe,Champions League,319,0,0,142
-DC-,D(C),Spain,UCL,3,1,0,0,0,Raúl Asencio,534899,Defender,52,Real Madrid,Europe,Champions League,195,0,0,143
-FW-MC-ML-MR-,"M(CLR),FW",France,UCL,4,4,1,0,0,Lee Kang-In,367780,Midfielder,304,PSG,Europe,Champions League,137,0,0,144
-DC-,D(C),England,UCL,4,1,0,0,0,Rúben Dias,313171,Defender,167,Man City,Europe,Champions League,281,1,0,145
-AMC-AMR-,AM(CR),Netherlands,UCL,4,1,1,2,0,Dennis Man,329769,Forward,129,PSV Eindhoven,Europe,Champions League,231,0,0,146
-AMR-,AM(R),Spain,UCL,3,1,0,0,0,Franco Mastantuono,514810,Midfielder,52,Real Madrid,Europe,Champions League,139,0,0,147
,Defender,Czech Republic,UCL,4,1,0,2,0,Youssoupha Mbodji,581579,Defender,349,Slavia Prague,Europe,Champions League,269,2,0,148
,Forward,Azerbaijan,UCL,4,0,1,1,1,Camilo Durán,496971,Forward,2569,Qarabag FK,Europe,Champions League,296,0,0,149
-DMC-ML-,"DMC,M(L)",Italy,UCL,3,0,0,0,1,Khéphren Thuram,366379,Midfielder,87,Juventus,Europe,Champions League,224,1,0,150
-AMC-AML-FW-,"AM(CL),FW",France,UCL,3,1,0,1,0,Ansu Fati,382234,Forward,248,Monaco,Europe,Champions League,161,0,0,151
-AMC-AMR-,AM(CR),France,UCL,4,0,0,0,1,Maghnes Akliouche,426648,Midfielder,248,Monaco,Europe,Champions League,343,0,0,152
-DC-DMC-DR-,"D(CR),DMC",Netherlands,UCL,3,1,0,0,0,Ryan Flamingo,444737,Defender,129,PSV Eindhoven,Europe,Champions League,204,0,0,153
-DC-,D(C),Turkey,UCL,3,0,0,0,0,Abdülkerim Bardakci,108073,Defender,294,Galatasaray,Europe,Champions League,270,1,0,154
-DC-,D(C),England,UCL,2,0,0,0,1,Cristian Romero,323663,Defender,30,Tottenham,Europe,Champions League,163,0,0,155
-GK-,GK,Germany,UCL,4,0,0,0,0,Manuel Neuer,13754,Goalkeeper,37,Bayern,Europe,Champions League,360,1,0,156
-DR-MR-,"D(R),M(R)",Greece,UCL,2,0,0,0,0,Rodinei,121184,Defender,843,Olympiacos,Europe,Champions League,151,0,0,157
,Forward,Portugal,UCL,4,4,0,2,0,Alisson Santos,557549,Forward,296,Sporting,Europe,Champions League,70,0,0,158
-MR-,M(R),Belgium,UCL,4,0,0,0,0,Anan Khalaili,444136,Forward,2647,Union St.Gilloise,Europe,Champions League,343,0,0,159
-AMC-AML-AMR-FW-,"AM(CLR),FW",England,UCL,4,1,0,1,0,Joelinton,201755,Midfielder,23,Newcastle,Europe,Champions League,238,2,0,160
-AMC-AML-AMR-FW-,"AM(CLR),FW",England,UCL,4,2,1,0,1,Xavi Simons,399772,Midfielder,30,Tottenham,Europe,Champions League,200,1,0,161
-DC-MC-,"D(C),M(C)",Turkey,UCL,4,0,0,0,1,Mario Lemina,123481,Midfielder,294,Galatasaray,Europe,Champions League,296,1,0,162
-FW-MC-,"M(C),FW",Netherlands,UCL,4,1,0,0,2,Guus Til,322148,Midfielder,129,PSV Eindhoven,Europe,Champions League,277,1,0,163
-DC-DR-,D(CR),Spain,UCL,4,0,0,0,0,Santiago Mouriño,448936,Defender,839,Villarreal,Europe,Champions League,360,2,0,164
-DC-,D(C),Belgium,UCL,2,1,0,1,0,Ross Sykes,342821,Defender,2647,Union St.Gilloise,Europe,Champions League,113,0,0,165
-DC-DR-,D(CR),Kazakhstan,UCL,3,0,1,0,0,Aleksandr Martynovich,30091,Defender,1770,Kairat Almaty,Europe,Champions League,270,0,0,166
-DC-,D(C),Italy,UCL,4,0,0,0,0,Berat Djimsiti,100962,Defender,300,Atalanta,Europe,Champions League,345,1,0,167
-MC-,M(C),England,UCL,4,0,0,0,0,Rodrigo Bentancur,303657,Midfielder,30,Tottenham,Europe,Champions League,322,0,0,168
-DC-,D(C),France,UCL,3,0,0,0,0,Nayef Aguerd,362434,Defender,249,Marseille,Europe,Champions League,270,2,0,169
-DR-ML-MR-,"D(R),M(LR)",England,UCL,3,2,0,0,2,Jacob Murphy,141486,Midfielder,23,Newcastle,Europe,Champions League,139,0,0,170
-DL-ML-,"D(L),M(L)",Turkey,UCL,4,1,0,0,0,Ismail Jakobs,349699,Defender,294,Galatasaray,Europe,Champions League,289,2,0,171
-DC-DR-MR-,"D(CR),M(R)",Germany,UCL,2,0,0,1,0,Rasmus Kristensen,302812,Defender,45,Eintracht Frankfurt,Europe,Champions League,149,0,0,172
-DR-MR-,"D(R),M(R)",Germany,UCL,2,0,0,1,0,Yan Couto,421975,Defender,44,Borussia Dortmund,Europe,Champions League,153,0,0,173
-AMC-,AM(C),Germany,UCL,3,2,0,1,1,Carney Chukwuemeka,410639,Midfielder,44,Borussia Dortmund,Europe,Champions League,114,0,0,174
-DMC-,DMC,England,UCL,3,0,0,0,1,Sandro Tonali,343501,Midfielder,23,Newcastle,Europe,Champions League,270,0,0,175
-AMC-AMR-,AM(CR),Italy,UCL,3,2,0,1,0,Francisco Conceição,409221,Forward,87,Juventus,Europe,Champions League,145,1,0,176
-DR-MR-,"D(R),M(R)",Portugal,UCL,3,0,0,0,0,Iván Fresneda,444257,Defender,296,Sporting,Europe,Champions League,260,0,0,177
-DL-DR-,D(LR),Belgium,UCL,3,1,0,0,1,Joaquin Seys,483461,Defender,124,Club Brugge,Europe,Champions League,209,0,0,178
-MC-ML-,M(CL),France,UCL,3,0,0,0,1,Fabián Ruiz,294193,Midfielder,304,PSG,Europe,Champions League,193,0,0,179
-DC-DL-DR-MC-ML-MR-,"D(CLR),M(CLR)",Germany,UCL,4,1,0,0,1,Julian Ryerson,320436,Defender,44,Borussia Dortmund,Europe,Champions League,297,0,0,180
-DL-ML-,"D(L),M(L)",Portugal,UCL,4,0,0,1,0,Maxi Araújo,460758,Midfielder,296,Sporting,Europe,Champions League,336,2,0,181
-DC-,D(C),Czech Republic,UCL,4,0,0,0,0,David Zima,404203,Defender,349,Slavia Prague,Europe,Champions League,360,0,0,182
-FW-,FW,Netherlands,UCL,3,2,0,2,1,Ricardo Pepi,377466,Forward,129,PSV Eindhoven,Europe,Champions League,112,0,0,183
-DC-,D(C),Spain,UCL,2,0,0,0,0,Clément Lenglet,236511,Defender,63,Atletico,Europe,Champions League,180,2,0,184
-MC-,M(C),England,UCL,4,1,0,1,0,Enzo Fernández,369430,Midfielder,15,Chelsea,Europe,Champions League,262,1,0,185
-DMC-,DMC,Germany,UCL,4,0,0,0,0,Aleksandar Pavlovic,481079,Midfielder,37,Bayern,Europe,Champions League,334,0,0,186
-DC-DL-,D(CL),Italy,UCL,3,0,0,1,1,Lloyd Kelly,332419,Defender,87,Juventus,Europe,Champions League,270,0,0,187
-DMC-,DMC,England,UCL,4,3,0,1,1,João Palhinha,322774,Midfielder,30,Tottenham,Europe,Champions League,161,0,0,188
-DC-DMC-DR-MR-,"D(CR),DMC,M(R)",Germany,UCL,4,0,0,0,0,Joshua Kimmich,283323,Midfielder,37,Bayern,Europe,Champions League,360,0,0,189
-DC-,D(C),Spain,UCL,4,1,0,0,0,Pau Cubarsí,498386,Defender,65,Barcelona,Europe,Champions League,250,0,0,190
-AMC-AML-AMR-,AM(CLR),England,UCL,4,2,1,0,1,Savinho,397821,Forward,167,Man City,Europe,Champions League,215,2,0,191
-AML-FW-,"AM(L),FW",Portugal,UCL,4,2,0,1,0,Luis Suárez,402887,Forward,296,Sporting,Europe,Champions League,214,1,0,192
-FW-MC-ML-MR-,"M(CLR),FW",France,UCL,2,1,0,0,0,Aleksandr Golovin,244560,Midfielder,248,Monaco,Europe,Champions League,123,1,0,193
,Defender,Denmark,UCL,2,0,0,0,1,Rodrigo Huescas,512077,Defender,10,Copenhagen,Europe,Champions League,105,0,0,194
-GK-,GK,Belgium,UCL,4,1,0,0,0,Nordin Jackers,143459,Goalkeeper,124,Club Brugge,Europe,Champions League,341,0,0,195
-FW-MC-ML-MR-,"M(CLR),FW",Italy,UCL,3,0,0,0,0,Charles De Ketelaere,386390,Forward,300,Atalanta,Europe,Champions League,221,0,0,196
-MC-,M(C),Cyprus,UCL,4,0,0,0,0,Pêpê Rodrigues,344716,Midfielder,2748,Pafos FC,Europe,Champions League,337,0,0,197
-GK-,GK,England,UCL,4,0,0,0,0,Gianluigi Donnarumma,262515,Goalkeeper,167,Man City,Europe,Champions League,360,1,0,198
-AML-,AM(L),Azerbaijan,UCL,4,0,0,1,1,Abdellah Zoubir,124594,Midfielder,2569,Qarabag FK,Europe,Champions League,345,0,0,199
-FW-,FW,England,UCL,4,1,0,1,0,Hugo Ekitiké,403784,Forward,26,Liverpool,Europe,Champions League,253,0,0,200
-DL-DR-MC-,"D(LR),M(C)",England,UCL,2,1,0,0,1,Rico Lewis,444791,Defender,167,Man City,Europe,Champions League,83,0,0,201
-DC-,D(C),France,UCL,4,0,0,1,0,Willian Pacho,432378,Defender,304,PSG,Europe,Champions League,360,0,0,202
-DMC-,DMC,Azerbaijan,UCL,4,0,0,0,0,Pedro Bicalho,367282,Midfielder,2569,Qarabag FK,Europe,Champions League,326,0,0,203
-DC-,D(C),Germany,UCL,3,0,0,0,0,Jarell Quansah,430019,Defender,36,Leverkusen,Europe,Champions League,270,0,0,204
-DR-MC-ML-MR-,"D(R),M(CLR)",Spain,UCL,3,0,0,0,0,Federico Valverde,344644,Midfielder,52,Real Madrid,Europe,Champions League,270,0,0,205
-MC-MR-,M(CR),Azerbaijan,UCL,3,1,0,1,1,Marko Jankovic,241007,Midfielder,2569,Qarabag FK,Europe,Champions League,201,0,0,206
-FW-MC-ML-MR-,"M(CLR),FW",England,UCL,4,1,0,1,0,Bernardo Silva,136741,Midfielder,167,Man City,Europe,Champions League,281,2,0,207
-DC-DMC-DR-,"D(CR),DMC",France,UCL,2,0,0,1,0,Eric Dier,117973,Defender,248,Monaco,Europe,Champions League,180,0,0,208
-DC-,D(C),Germany,UCL,4,0,1,0,0,Loïc Badé,398416,Defender,36,Leverkusen,Europe,Champions League,337,0,0,209
-MC-,M(C),England,UCL,4,2,0,0,0,Nico González,422939,Midfielder,167,Man City,Europe,Champions League,207,1,0,210
-DC-DMC-DR-,"D(CR),DMC",England,UCL,3,0,0,0,0,John Stones,101374,Defender,167,Man City,Europe,Champions League,253,0,0,211
-FW-,FW,Belgium,UCL,4,1,0,0,1,Kevin Rodríguez,464388,Forward,2647,Union St.Gilloise,Europe,Champions League,264,0,0,212
-DMC-,DMC,Portugal,UCL,4,0,0,0,0,Morten Hjulmand,403647,Midfielder,296,Sporting,Europe,Champions League,340,1,0,213
-DC-MC-ML-,"D(C),M(CL)",Italy,UCL,4,0,0,2,0,Scott McTominay,336915,Midfielder,276,Napoli,Europe,Champions League,339,0,0,214
-MC-ML-,M(CL),Spain,UCL,4,2,0,1,0,Conor Gallagher,375621,Midfielder,63,Atletico,Europe,Champions League,206,0,0,215
-MC-,M(C),Italy,UCL,4,2,0,0,0,Manuel Locatelli,273539,Midfielder,87,Juventus,Europe,Champions League,210,0,0,216
-DC-DR-MC-ML-MR-,"D(CR),M(CLR)",Italy,UCL,4,0,0,0,0,Weston McKennie,338275,Midfielder,87,Juventus,Europe,Champions League,329,0,0,217
-AML-AMR-,AM(LR),Netherlands,UCL,3,3,0,1,1,Couhaib Driouech,400009,Forward,129,PSV Eindhoven,Europe,Champions League,55,1,0,218
-DMC-,DMC,Czech Republic,UCL,3,0,0,0,0,Oscar Dorley,404197,Midfielder,349,Slavia Prague,Europe,Champions League,270,0,0,219
-FW-,FW,Italy,UCL,3,0,0,2,0,Rasmus Højlund,439584,Forward,276,Napoli,Europe,Champions League,252,0,0,220
-DL-DR-FW-ML-MR-,"D(LR),M(LR),FW",Turkey,UCL,4,1,0,0,0,Baris Alper Yilmaz,421779,Forward,294,Galatasaray,Europe,Champions League,285,0,0,221
-MC-,M(C),Turkey,UCL,2,0,0,0,0,Ilkay Gündogan,77464,Midfielder,294,Galatasaray,Europe,Champions League,142,0,0,222
-DR-,D(R),Spain,UCL,2,1,0,0,0,Jesús Areso,422820,Defender,53,Athletic Club,Europe,Champions League,103,1,0,223
-DC-DR-,D(CR),Spain,UCL,2,1,0,0,0,José María Giménez,135914,Defender,63,Atletico,Europe,Champions League,127,1,0,224
-MC-ML-MR-,M(CLR),Italy,UCL,4,1,0,0,0,Piotr Zielinski,118169,Midfielder,75,Inter,Europe,Champions League,257,0,0,225
-AML-AMR-FW-,"AM(LR),FW",Spain,UCL,3,1,0,2,0,Ferran Torres,349760,Forward,65,Barcelona,Europe,Champions League,169,0,0,226
,Forward,England,UCL,3,1,0,1,0,Tyrique George,523597,Forward,15,Chelsea,Europe,Champions League,152,0,0,227
-DC-DMC-DR-,"D(CR),DMC",France,UCL,3,2,0,0,0,CJ Egan-Riley,425574,Defender,249,Marseille,Europe,Champions League,135,0,0,228
,Defender,Czech Republic,UCL,4,2,0,0,0,Stepán Chaloupek,499961,Defender,349,Slavia Prague,Europe,Champions League,274,0,0,229
-DC-DR-,D(CR),Spain,UCL,3,1,0,0,0,Ronald Araujo,384711,Defender,65,Barcelona,Europe,Champions League,196,0,0,230
-AMC-FW-,"AM(C),FW",England,UCL,4,1,0,1,0,Nick Woltemade,386606,Forward,23,Newcastle,Europe,Champions League,269,0,0,231
-MC-,M(C),England,UCL,4,1,0,0,3,Tijjani Reijnders,343382,Midfielder,167,Man City,Europe,Champions League,266,0,0,232
-FW-MC-ML-MR-,"M(CLR),FW",Italy,UCL,3,2,1,0,0,Eljif Elmas,339579,Midfielder,276,Napoli,Europe,Champions League,115,0,0,233
-MC-ML-MR-,M(CLR),Portugal,UCL,3,2,0,1,0,Geny Catamo,425093,Midfielder,296,Sporting,Europe,Champions League,95,0,0,234
-AMC-AML-AMR-FW-,"AM(CLR),FW",Denmark,UCL,3,0,0,0,0,Mohamed Elyounoussi,141732,Midfielder,10,Copenhagen,Europe,Champions League,252,0,0,235
-MC-,M(C),Germany,UCL,4,1,0,2,0,Aleix García,280663,Midfielder,36,Leverkusen,Europe,Champions League,309,0,0,236
-ML-MR-,M(LR),Greece,UCL,3,0,1,1,0,Gelson Martins,296576,Midfielder,843,Olympiacos,Europe,Champions League,198,0,0,237
-DL-DR-FW-MC-ML-MR-,"D(LR),M(CLR),FW",France,UCL,2,0,0,0,1,Krépin Diatta,335692,Midfielder,248,Monaco,Europe,Champions League,147,1,0,238
-DC-,D(C),France,UCL,2,0,0,0,0,Leonardo Balerdi,362788,Defender,249,Marseille,Europe,Champions League,180,1,0,239
-AMC-AML-AMR-FW-,"AM(CLR),FW",Portugal,UCL,3,0,0,0,0,Dodi Lukébakio,299490,Forward,299,Benfica,Europe,Champions League,257,2,0,240
-DC-,D(C),Kazakhstan,UCL,4,0,0,0,0,Egor Sorokin,243195,Defender,1770,Kairat Almaty,Europe,Champions League,360,0,0,241
-DC-,D(C),Portugal,UCL,3,1,0,0,0,Eduardo Quaresma,394932,Defender,296,Sporting,Europe,Champions League,180,0,0,242
-DC-DMC-,"D(C),DMC",Netherlands,UCL,4,0,0,0,0,Jerdy Schouten,331555,Midfielder,129,PSV Eindhoven,Europe,Champions League,316,0,0,243
-AMC-AML-AMR-FW-,"AM(CLR),FW",France,UCL,2,1,0,1,0,Ousmane Dembélé,299513,Forward,304,PSG,Europe,Champions League,52,0,0,244
-DMC-,DMC,Norway,UCL,4,0,0,0,0,Patrick Berg,320986,Midfielder,439,Bodoe/Glimt,Europe,Champions League,360,2,0,245
-AMC-AML-AMR-,AM(CLR),Belgium,UCL,4,0,0,1,0,Anouar Ait El Hadj,400139,Midfielder,2647,Union St.Gilloise,Europe,Champions League,300,0,0,246
,Defender,Kazakhstan,UCL,4,0,0,1,0,Ofri Arad,399380,Defender,1770,Kairat Almaty,Europe,Champions League,295,2,0,247
-DMC-DR-,"D(R),DMC",England,UCL,4,1,1,1,0,Moisés Caicedo,410175,Midfielder,15,Chelsea,Europe,Champions League,311,1,0,248
-DC-DL-MC-ML-,"D(CL),M(CL)",France,UCL,3,0,0,0,0,Caio Henrique,320313,Defender,248,Monaco,Europe,Champions League,226,0,0,249
-AMC-AML-AMR-FW-,"AM(CLR),FW",Belgium,UCL,2,2,0,0,1,Sofiane Boufal,234363,Forward,2647,Union St.Gilloise,Europe,Champions League,33,0,0,250
-DC-DR-,D(CR),Germany,UCL,4,1,0,0,0,Nnamdi Collins,450125,Defender,45,Eintracht Frankfurt,Europe,Champions League,269,0,0,251
-MC-ML-MR-,M(CLR),Germany,UCL,4,1,0,1,1,Ansgar Knauff,403747,Forward,45,Eintracht Frankfurt,Europe,Champions League,281,0,0,252
-DC-DL-DR-MR-,"D(CLR),M(R)",France,UCL,4,1,0,0,0,Thilo Kehrer,255167,Defender,248,Monaco,Europe,Champions League,315,1,0,253
-DL-ML-,"D(L),M(L)",England,UCL,3,2,0,0,0,Destiny Udogie,401044,Defender,30,Tottenham,Europe,Champions League,102,0,0,254
-DL-,D(L),Spain,UCL,2,0,0,0,0,Adama Boiro,515307,Defender,53,Athletic Club,Europe,Champions League,158,0,0,255
-DR-MR-,"D(R),M(R)",Italy,UCL,2,2,0,0,1,João Mário,395173,Defender,87,Juventus,Europe,Champions League,105,0,0,256
-DC-,D(C),Portugal,UCL,4,0,0,0,0,Nicolás Otamendi,75691,Defender,299,Benfica,Europe,Champions League,360,2,0,257
-DC-DL-ML-,"D(CL),M(L)",England,UCL,2,1,0,0,0,Piero Hincapié,404832,Defender,13,Arsenal,Europe,Champions League,74,0,0,258
-FW-MC-ML-MR-,"M(CLR),FW",Germany,UCL,3,2,0,1,0,Julian Brandt,141556,Midfielder,44,Borussia Dortmund,Europe,Champions League,108,0,0,259
-AMC-AML-AMR-,AM(CLR),England,UCL,3,2,0,1,0,Alejandro Garnacho,437022,Forward,15,Chelsea,Europe,Champions League,128,0,0,260
-MC-,M(C),England,UCL,4,1,0,0,0,Pape Matar Sarr,403859,Midfielder,30,Tottenham,Europe,Champions League,259,0,0,261
-DL-,D(L),Spain,UCL,2,1,0,0,0,Fran García,422957,Defender,52,Real Madrid,Europe,Champions League,96,0,0,262
-DC-,D(C),Germany,UCL,4,1,0,0,1,Jonathan Tah,134946,Defender,37,Bayern,Europe,Champions League,243,1,0,263
-MC-,M(C),Spain,UCL,4,0,0,0,0,Pape Gueye,399047,Midfielder,839,Villarreal,Europe,Champions League,339,2,0,264
-DMC-,DMC,England,UCL,3,0,0,0,1,Ryan Gravenberch,363884,Midfielder,26,Liverpool,Europe,Champions League,242,1,0,265
-MC-,M(C),England,UCL,3,2,0,0,0,Lewis Miley,474264,Midfielder,23,Newcastle,Europe,Champions League,145,0,0,266
-MC-MR-,M(CR),Netherlands,UCL,4,0,1,2,0,Ismael Saibari,404776,Midfielder,129,PSV Eindhoven,Europe,Champions League,336,2,0,267
-GK-,GK,Czech Republic,UCL,2,0,0,0,0,Jindrich Stanek,303019,Goalkeeper,349,Slavia Prague,Europe,Champions League,180,0,0,268
-AMC-AML-AMR-FW-,"AM(CLR),FW",England,UCL,3,2,0,0,1,Randal Kolo Muani,333542,Forward,30,Tottenham,Europe,Champions League,105,2,0,269
,Defender,Cyprus,UCL,4,1,0,0,0,David Goldar,144095,Defender,2748,Pafos FC,Europe,Champions League,294,0,0,270
-DL-,D(L),Spain,UCL,4,2,0,0,0,Gerard Martín,512879,Defender,65,Barcelona,Europe,Champions League,170,1,0,271
-FW-MC-ML-MR-,"M(CLR),FW",Germany,UCL,4,1,0,0,2,Marcel Sabitzer,92051,Midfielder,44,Borussia Dortmund,Europe,Champions League,260,0,0,272
-DC-,D(C),Spain,UCL,4,0,0,1,0,Robin Le Normand,367008,Defender,63,Atletico,Europe,Champions League,296,2,0,273
-AMC-AML-AMR-FW-,"AM(CLR),FW",England,UCL,2,2,0,1,0,Rayan Cherki,386153,Midfielder,167,Man City,Europe,Champions League,15,0,0,274
-GK-,GK,Italy,UCL,4,0,0,0,0,Vanja Milinkovic-Savic,149474,Goalkeeper,276,Napoli,Europe,Champions League,360,0,0,275
-AMC-AML-AMR-FW-,"AM(CLR),FW",Spain,UCL,4,3,0,1,0,Brahim Díaz,317541,Midfielder,52,Real Madrid,Europe,Champions League,132,1,0,276
-DR-,D(R),Germany,UCL,2,2,0,0,0,Sacha Boey,372280,Defender,37,Bayern,Europe,Champions League,65,0,0,277
,Midfielder,Denmark,UCL,3,2,0,1,0,Robert Silva,484203,Midfielder,10,Copenhagen,Europe,Champions League,71,0,0,278
-AMC-AML-AMR-,AM(CLR),England,UCL,4,2,0,0,0,Eberechi Eze,332403,Midfielder,13,Arsenal,Europe,Champions League,186,0,0,279
-DC-DL-DR-MR-,"D(CLR),M(R)",Germany,UCL,2,0,0,0,0,Josip Stanisic,413272,Defender,37,Bayern,Europe,Champions League,141,1,0,280
-DR-MR-,"D(R),M(R)",England,UCL,2,0,0,0,1,Malo Gusto,403850,Defender,15,Chelsea,Europe,Champions League,171,0,0,281
-DMC-,DMC,Turkey,UCL,4,0,0,0,0,Lucas Torreira,248109,Midfielder,294,Galatasaray,Europe,Champions League,357,0,0,282
-DC-,D(C),Belgium,UCL,2,2,0,0,0,Jorne Spileers,459085,Defender,124,Club Brugge,Europe,Champions League,54,0,0,283
-DC-,D(C),Norway,UCL,4,0,0,0,0,Odin Bjørtuft,354608,Defender,439,Bodoe/Glimt,Europe,Champions League,360,1,0,284
-DMC-,DMC,Spain,UCL,4,0,0,0,2,Mikel Jauregizar,511120,Midfielder,53,Athletic Club,Europe,Champions League,295,1,0,285
-GK-,GK,Turkey,UCL,4,0,1,0,0,Ugurcan Çakir,258840,Goalkeeper,294,Galatasaray,Europe,Champions League,360,1,0,286
-AMC-FW-,"AM(C),FW",Germany,UCL,3,1,0,1,0,Can Uzun,467776,Midfielder,45,Eintracht Frankfurt,Europe,Champions League,156,0,0,287
-AMC-AMR-,AM(CR),England,UCL,3,1,0,0,0,Facundo Buonanotte,432384,Midfielder,15,Chelsea,Europe,Champions League,163,1,0,288
-AMC-AMR-,AM(CR),Norway,UCL,4,0,0,0,2,Håkon Evjen,356742,Midfielder,439,Bodoe/Glimt,Europe,Champions League,355,0,0,289
-AML-FW-,"AM(L),FW",England,UCL,3,1,0,0,0,Alexander Isak,299254,Forward,26,Liverpool,Europe,Champions League,132,0,0,290
-FW-MC-ML-,"M(CL),FW",England,UCL,4,3,0,1,0,Alexis Mac Allister,345319,Midfielder,26,Liverpool,Europe,Champions League,149,1,0,291
-DL-DR-FW-MC-ML-MR-,"D(LR),M(CLR),FW",Spain,UCL,3,1,0,0,1,Alex Berenguer,238899,Forward,53,Athletic Club,Europe,Champions League,232,0,0,292
-AMR-,AM(R),France,UCL,3,2,0,0,0,Ibrahim Mbaye,535536,Forward,304,PSG,Europe,Champions League,99,0,0,293
-FW-MC-ML-MR-,"M(CLR),FW",Italy,UCL,3,1,1,1,0,Mario Pasalic,129903,Midfielder,300,Atalanta,Europe,Champions League,225,0,0,294
-DMC-,DMC,Italy,UCL,3,0,0,0,0,Stanislav Lobotka,111892,Midfielder,276,Napoli,Europe,Champions League,235,0,0,295
-DC-DL-DMC-DR-,"D(CLR),DMC",England,UCL,2,1,0,0,0,Archie Gray,429922,Midfielder,30,Tottenham,Europe,Champions League,98,0,0,296
-GK-,GK,Portugal,UCL,4,0,0,0,0,Anatoliy Trubin,369877,Goalkeeper,299,Benfica,Europe,Champions League,360,0,0,297
-MC-ML-,M(CL),England,UCL,3,1,0,0,0,Curtis Jones,355354,Midfielder,26,Liverpool,Europe,Champions League,191,1,0,298
-ML-,M(L),Germany,UCL,4,0,0,1,0,Daniel Svensson,418584,Defender,44,Borussia Dortmund,Europe,Champions League,360,1,0,299
-MC-ML-MR-,M(CLR),Portugal,UCL,4,1,0,0,1,Pote,344378,Midfielder,296,Sporting,Europe,Champions League,278,2,0,300
-DC-DR-,D(CR),England,UCL,3,2,0,0,0,Cristhian Mosquera,425591,Defender,13,Arsenal,Europe,Champions League,124,0,0,301
-GK-,GK,England,UCL,3,0,0,0,0,Robert Sánchez,362151,Goalkeeper,15,Chelsea,Europe,Champions League,270,0,0,302
-DC-,D(C),Greece,UCL,4,0,0,0,0,Lorenzo Pirola,390738,Defender,843,Olympiacos,Europe,Champions League,346,1,0,303
-AML-FW-,"AM(L),FW",Cyprus,UCL,4,1,0,1,0,Mislav Orsic,141670,Forward,2748,Pafos FC,Europe,Champions League,304,1,0,304
-AMC-,AM(C),Portugal,UCL,4,0,0,0,1,Heorhii Sudakov,404104,Midfielder,299,Benfica,Europe,Champions League,326,0,0,305
-AMR-,AM(R),Azerbaijan,UCL,4,3,0,1,0,Oleksii Kashchuk,399837,Midfielder,2569,Qarabag FK,Europe,Champions League,122,0,0,306
-DR-MR-,"D(R),M(R)",Greece,UCL,4,2,0,0,0,Costinha,395954,Defender,843,Olympiacos,Europe,Champions League,215,0,0,307
-AMC-,AM(C),Italy,UCL,4,4,0,2,0,Lazar Samardzic,393039,Midfielder,300,Atalanta,Europe,Champions League,80,0,0,308
-DR-MR-,"D(R),M(R)",England,UCL,4,3,0,0,0,Conor Bradley,424945,Defender,26,Liverpool,Europe,Champions League,221,2,0,309
,Forward,Azerbaijan,UCL,4,4,0,1,0,Emmanuel Addai,462454,Forward,2569,Qarabag FK,Europe,Champions League,137,0,0,310
-DMC-,DMC,England,UCL,2,0,0,0,0,Roméo Lavia,425319,Midfielder,15,Chelsea,Europe,Champions League,74,0,0,311
-AML-AMR-FW-,"AM(LR),FW",England,UCL,4,2,0,0,0,Anthony Elanga,413211,Forward,23,Newcastle,Europe,Champions League,165,0,0,312
-DC-,D(C),Italy,UCL,3,1,0,0,0,Honest Ahanor,535735,Defender,300,Atalanta,Europe,Champions League,185,0,0,313
-DC-DL-DR-MR-,"D(CLR),M(R)",France,UCL,4,0,0,0,0,Benjamin Pavard,259648,Defender,249,Marseille,Europe,Champions League,358,2,0,314
-MC-,M(C),Spain,UCL,4,0,0,0,0,Pablo Barrios,434138,Midfielder,63,Atletico,Europe,Champions League,345,0,0,315
-AML-FW-,"AM(L),FW",Portugal,UCL,4,0,0,1,0,Vangelis Pavlidis,330514,Forward,299,Benfica,Europe,Champions League,349,0,0,316
-DL-DR-ML-MR-,"D(LR),M(LR)",Italy,UCL,3,1,0,0,0,Davide Zappacosta,141312,Midfielder,300,Atalanta,Europe,Champions League,209,0,0,317
-DL-ML-,"D(L),M(L)",Spain,UCL,3,1,0,0,0,Matteo Ruggeri,402046,Defender,63,Atletico,Europe,Champions League,207,0,0,318
-AMC-,AM(C),Italy,UCL,3,1,0,0,0,Nicolò Barella,148684,Midfielder,75,Inter,Europe,Champions League,174,1,0,319
-MC-MR-,M(CR),Denmark,UCL,4,0,0,0,0,Lukas Lerager,342577,Midfielder,10,Copenhagen,Europe,Champions League,360,2,0,320
-GK-,GK,Netherlands,UCL,4,0,0,0,0,Matej Kovár,388668,Goalkeeper,129,PSV Eindhoven,Europe,Champions League,360,0,0,321
-DC-,D(C),Belgium,UCL,4,0,0,0,0,Christian Burgess,134493,Defender,2647,Union St.Gilloise,Europe,Champions League,360,1,0,322
-DC-DR-,D(CR),Italy,UCL,4,0,0,0,0,Odilon Kossounou,384516,Defender,300,Atalanta,Europe,Champions League,288,1,0,323
-DL-MC-ML-MR-,"D(L),M(CLR)",Cyprus,UCL,4,3,0,0,1,Ken Sema,145392,Midfielder,2748,Pafos FC,Europe,Champions League,107,0,0,324
-DMC-,DMC,Portugal,UCL,4,0,0,0,0,Richard Ríos,402213,Midfielder,299,Benfica,Europe,Champions League,336,1,0,325
-DC-DR-,D(CR),Portugal,UCL,3,1,0,0,0,Tomás Araújo,426502,Defender,299,Benfica,Europe,Champions League,197,1,0,326
-AMC-AMR-,AM(CR),England,UCL,2,1,0,0,0,Ethan Nwaneri,456771,Midfielder,13,Arsenal,Europe,Champions League,82,1,0,327
-DC-,D(C),Belgium,UCL,4,0,0,0,0,Joel Ordóñez,446053,Defender,124,Club Brugge,Europe,Champions League,350,0,0,328
-DC-,D(C),Portugal,UCL,4,0,0,0,0,Gonçalo Inácio,395992,Defender,296,Sporting,Europe,Champions League,360,0,0,329
-DL-DR-FW-ML-MR-,"D(LR),M(LR),FW",France,UCL,3,1,0,1,0,Timothy Weah,353991,Forward,249,Marseille,Europe,Champions League,190,0,0,330
-DMC-,DMC,Denmark,UCL,2,0,0,0,0,Thomas Delaney,73744,Midfielder,10,Copenhagen,Europe,Champions League,133,1,0,331
-DMC-,DMC,France,UCL,3,1,0,0,1,Arthur Vermeeren,445430,Midfielder,249,Marseille,Europe,Champions League,151,0,0,332
-DC-MC-,"D(C),M(C)",Spain,UCL,4,1,0,0,0,Frenkie de Jong,279423,Midfielder,65,Barcelona,Europe,Champions League,301,2,0,333
-DMC-,DMC,Belgium,UCL,4,0,0,0,0,Aleksandar Stankovic,459075,Midfielder,124,Club Brugge,Europe,Champions League,360,0,0,334
-MC-ML-MR-,M(CLR),Cyprus,UCL,3,1,0,0,0,Domingos Quina,331582,Midfielder,2748,Pafos FC,Europe,Champions League,177,0,0,335
-DC-DL-ML-,"D(CL),M(L)",England,UCL,3,0,0,0,0,Marc Cucurella,363496,Defender,15,Chelsea,Europe,Champions League,270,0,0,336
-DR-MC-ML-MR-,"D(R),M(CLR)",England,UCL,3,1,0,0,0,Matheus Nunes,394933,Midfielder,167,Man City,Europe,Champions League,197,0,0,337
,Midfielder,Czech Republic,UCL,2,1,0,0,0,Youssoupha Sanyang,569289,Midfielder,349,Slavia Prague,Europe,Champions League,76,0,0,338
-DC-,D(C),England,UCL,2,2,0,0,0,Josh Acheampong,518604,Defender,15,Chelsea,Europe,Champions League,50,0,0,339
-FW-MC-,"M(C),FW",Germany,UCL,4,2,0,0,2,Jobe Bellingham,422365,Midfielder,44,Borussia Dortmund,Europe,Champions League,201,0,0,340
-DC-DL-DR-,D(CLR),Greece,UCL,4,0,0,0,0,Panagiotis Retsos,302402,Defender,843,Olympiacos,Europe,Champions League,356,0,0,341
-DMC-,DMC,Italy,UCL,4,3,0,0,0,Petar Sucic,439534,Midfielder,75,Inter,Europe,Champions League,151,0,0,342
-DL-DR-ML-,"D(LR),M(L)",Spain,UCL,3,1,0,0,1,Alejandro Balde,422938,Defender,65,Barcelona,Europe,Champions League,183,1,0,343
-FW-,FW,Italy,UCL,4,4,0,0,1,Ange-Yoan Bonny,447489,Forward,75,Inter,Europe,Champions League,103,0,0,344
-DC-,D(C),England,UCL,4,2,0,0,0,Kevin Danso,330816,Defender,30,Tottenham,Europe,Champions League,198,0,0,345
-AMC-FW-,"AM(C),FW",France,UCL,3,3,0,2,0,Gonçalo Ramos,395802,Forward,304,PSG,Europe,Champions League,74,0,0,346
-DC-,D(C),Azerbaijan,UCL,4,0,0,0,0,Kevin Medina,402679,Defender,2569,Qarabag FK,Europe,Champions League,360,1,0,347
-DR-,D(R),Belgium,UCL,4,0,0,0,0,Kyriani Sabbe,459256,Defender,124,Club Brugge,Europe,Champions League,314,0,0,348
-MC-ML-MR-,M(CLR),Spain,UCL,4,2,0,0,0,Koke,80764,Midfielder,63,Atletico,Europe,Champions League,197,0,0,349
-DL-ML-,"D(L),M(L)",Greece,UCL,4,0,0,0,0,Francisco Ortega,349263,Defender,843,Olympiacos,Europe,Champions League,323,0,0,350
-DC-DL-DMC-ML-,"D(CL),DMC,M(L)",Germany,UCL,4,0,0,2,0,Ramy Bensebaini,288892,Defender,44,Borussia Dortmund,Europe,Champions League,332,1,0,351
,Forward,Cyprus,UCL,3,1,0,0,0,Jajá,397494,Forward,2748,Pafos FC,Europe,Champions League,148,0,0,352
-FW-MC-,"M(C),FW",Spain,UCL,2,0,0,0,0,Oihan Sancet,381510,Midfielder,53,Athletic Club,Europe,Champions League,149,0,0,353
-DC-DMC-DR-,"D(CR),DMC",Spain,UCL,4,1,0,0,0,Eric García,368091,Defender,65,Barcelona,Europe,Champions League,275,0,0,354
-DMC-,DMC,Italy,UCL,3,1,0,0,0,Davide Frattesi,331425,Midfielder,75,Inter,Europe,Champions League,174,0,0,355
-DL-ML-,"D(L),M(L)",Italy,UCL,3,1,0,0,0,Miguel Gutiérrez,395788,Defender,276,Napoli,Europe,Champions League,204,1,0,356
-GK-,GK,Spain,UCL,3,0,0,0,0,Wojciech Szczesny,73379,Goalkeeper,65,Barcelona,Europe,Champions League,270,0,0,357
-DC-DR-MR-,"D(CR),M(R)",Italy,UCL,4,0,0,0,1,Pierre Kalulu,391836,Defender,87,Juventus,Europe,Champions League,360,0,0,358
-AMC-AMR-FW-,"AM(CR),FW",Denmark,UCL,4,0,0,1,0,Jordan Larsson,228689,Forward,10,Copenhagen,Europe,Champions League,290,0,0,359
-DC-DL-,D(CL),Spain,UCL,2,0,0,0,0,Dávid Hancko,362779,Defender,63,Atletico,Europe,Champions League,180,0,0,360
-DC-,D(C),Belgium,UCL,4,0,0,0,0,Brandon Mechele,129832,Defender,124,Club Brugge,Europe,Champions League,360,0,0,361
-AMC-FW-,"AM(C),FW",Belgium,UCL,4,2,0,0,0,Mathias Rasmussen,321073,Midfielder,2647,Union St.Gilloise,Europe,Champions League,190,0,0,362
-FW-,FW,England,UCL,2,2,0,0,1,William Osula,416209,Forward,23,Newcastle,Europe,Champions League,22,0,0,363
-DC-,D(C),Portugal,UCL,2,1,0,0,0,Ousmane Diomande,443663,Defender,296,Sporting,Europe,Champions League,100,0,0,364
,Forward,Czech Republic,UCL,4,1,0,0,0,Vasil Kusej,476762,Forward,349,Slavia Prague,Europe,Champions League,240,0,0,365
-FW-,FW,Spain,UCL,2,2,0,0,1,Gonzalo García,498798,Forward,52,Real Madrid,Europe,Champions League,11,0,0,366
-AMR-,AM(R),Spain,UCL,2,2,0,0,1,Ilias Akhomach,428500,Forward,839,Villarreal,Europe,Champions League,30,1,0,367
-DMC-,DMC,Cyprus,UCL,4,0,0,0,0,Ivan Sunjic,363683,Midfielder,2748,Pafos FC,Europe,Champions League,360,1,0,368
-AMC-AML-AMR-,AM(CLR),England,UCL,2,1,0,0,0,Jacob Ramsey,369813,Midfielder,23,Newcastle,Europe,Champions League,70,0,0,369
,Forward,Kazakhstan,UCL,3,2,0,1,0,Edmilson,530652,Forward,1770,Kairat Almaty,Europe,Champions League,116,0,0,370
-DL-ML-,"D(L),M(L)",France,UCL,4,2,0,0,0,Kassoum Ouattara,467072,Defender,248,Monaco,Europe,Champions League,240,1,0,371
-DC-DL-ML-,"D(CL),M(L)",France,UCL,3,0,0,0,0,Emerson,101955,Defender,249,Marseille,Europe,Champions League,215,0,1,372
-DC-DL-DR-MR-,"D(CLR),M(R)",Belgium,UCL,4,0,0,1,0,Kevin Mac Allister,312686,Defender,2647,Union St.Gilloise,Europe,Champions League,337,2,0,373
-MC-,M(C),France,UCL,4,1,0,0,0,Pierre-Emile Højbjerg,101859,Midfielder,249,Marseille,Europe,Champions League,298,1,0,374
,Defender,Kazakhstan,UCL,4,0,0,0,0,Luís Mata,354147,Defender,1770,Kairat Almaty,Europe,Champions League,350,0,0,375
-AML-FW-,"AM(L),FW",Spain,UCL,4,1,0,0,0,Vinícius Júnior,337782,Forward,52,Real Madrid,Europe,Champions League,271,1,0,376
-DL-DMC-,"D(L),DMC",Spain,UCL,3,2,0,1,0,Eduardo Camavinga,369109,Midfielder,52,Real Madrid,Europe,Champions League,95,0,0,377
-DC-DMC-DR-,"D(CR),DMC",Germany,UCL,4,0,0,1,0,Waldemar Anton,296768,Defender,44,Borussia Dortmund,Europe,Champions League,360,1,0,378
-DMC-DR-MR-,"D(R),DMC,M(R)",France,UCL,4,1,0,0,0,Warren Zaïre-Emery,444679,Midfielder,304,PSG,Europe,Champions League,291,0,0,379
-MC-MR-,M(CR),France,UCL,4,1,0,0,0,Matt O'Riley,342889,Midfielder,249,Marseille,Europe,Champions League,263,1,0,380
-AMC-AML-AMR-FW-,"AM(CLR),FW",Spain,UCL,3,2,0,0,0,Dani Olmo,261212,Midfielder,65,Barcelona,Europe,Champions League,112,1,0,381
-AML-AMR-,AM(LR),Spain,UCL,4,1,0,1,0,Robert Navarro,400237,Midfielder,53,Athletic Club,Europe,Champions League,245,0,0,382
-DC-DL-,D(CL),Germany,UCL,4,0,0,0,0,Arthur Theate,399961,Defender,45,Eintracht Frankfurt,Europe,Champions League,360,0,0,383
-DL-ML-,"D(L),M(L)",Azerbaijan,UCL,4,0,0,0,0,Elvin Cafarquliyev,402680,Defender,2569,Qarabag FK,Europe,Champions League,332,0,0,384
-DL-,D(L),Norway,UCL,3,0,0,0,1,Fredrik Bjørkan,320971,Defender,439,Bodoe/Glimt,Europe,Champions League,257,1,0,385
-FW-,FW,France,UCL,4,0,0,1,0,Folarin Balogun,384065,Forward,248,Monaco,Europe,Champions League,318,0,0,386
-FW-,FW,Portugal,UCL,4,2,0,0,1,Fotis Ioannidis,418176,Forward,296,Sporting,Europe,Champions League,194,0,0,387
,Forward,Norway,UCL,4,4,0,1,0,Andreas Helmersen,261339,Forward,439,Bodoe/Glimt,Europe,Champions League,64,0,0,388
-DC-DL-,D(CL),Spain,UCL,4,0,0,1,0,Renato Veiga,434077,Midfielder,839,Villarreal,Europe,Champions League,360,2,0,389
-DC-DMC-DR-,"D(CR),DMC",Spain,UCL,3,0,0,0,0,Juan Foyth,335107,Defender,839,Villarreal,Europe,Champions League,270,0,0,390
-DC-DL-DMC-DR-,"D(CLR),DMC",Italy,UCL,4,3,0,0,0,Manuel Akanji,297390,Defender,75,Inter,Europe,Champions League,167,0,0,391
-FW-MC-ML-MR-,"M(CLR),FW",Germany,UCL,3,1,0,0,1,Mario Götze,80382,Midfielder,45,Eintracht Frankfurt,Europe,Champions League,171,0,0,392
-DL-,D(L),Denmark,UCL,4,1,0,0,0,Marcos López,371042,Defender,10,Copenhagen,Europe,Champions League,297,2,0,393
-AMC-AML-AMR-FW-,"AM(CLR),FW",England,UCL,2,0,0,0,0,Pedro Neto,337916,Forward,15,Chelsea,Europe,Champions League,158,0,0,394
-AML-AMR-FW-,"AM(LR),FW",Greece,UCL,4,0,0,1,0,Ayoub El Kaabi,346110,Forward,843,Olympiacos,Europe,Champions League,341,0,0,395
-DC-DL-ML-,"D(CL),M(L)",Italy,UCL,2,2,0,0,0,Mathías Olivera,347178,Defender,276,Napoli,Europe,Champions League,73,0,0,396
-FW-,FW,Belgium,UCL,4,1,0,1,0,Promise David,532188,Forward,2647,Union St.Gilloise,Europe,Champions League,205,0,0,397
-DR-,D(R),Norway,UCL,4,0,0,0,0,Fredrik Sjøvold,438195,Defender,439,Bodoe/Glimt,Europe,Champions League,360,0,0,398
-DC-DL-,D(CL),France,UCL,2,2,0,0,0,Lucas Hernández,139186,Defender,304,PSG,Europe,Champions League,70,0,0,399
-DL-DR-MR-,"D(LR),M(R)",Netherlands,UCL,3,1,0,0,0,Sergiño Dest,379205,Defender,129,PSV Eindhoven,Europe,Champions League,186,0,0,400
-DR-FW-MC-ML-MR-,"D(R),M(CLR),FW",Turkey,UCL,4,1,0,0,0,Roland Sallai,243889,Forward,294,Galatasaray,Europe,Champions League,288,0,0,401
-MC-,M(C),Denmark,UCL,2,0,0,0,0,William Clem,458988,Midfielder,10,Copenhagen,Europe,Champions League,171,0,0,402
-AMC-AML-AMR-FW-,"AM(CLR),FW",England,UCL,4,1,0,0,0,Richarlison,317804,Forward,30,Tottenham,Europe,Champions League,255,2,0,403
-AML-FW-,"AM(L),FW",Italy,UCL,4,1,0,0,0,Nikola Krstovic,404252,Forward,300,Atalanta,Europe,Champions League,280,0,0,404
-FW-MC-ML-MR-,"M(CLR),FW",Netherlands,UCL,4,0,0,0,0,Ivan Perisic,70524,Forward,129,PSV Eindhoven,Europe,Champions League,315,1,0,405
-DR-MR-,"D(R),M(R)",Portugal,UCL,4,1,0,0,0,Amar Dedic,418203,Defender,299,Benfica,Europe,Champions League,264,0,0,406
-DL-DR-MR-,"D(LR),M(R)",England,UCL,4,2,0,0,0,Djed Spence,362219,Defender,30,Tottenham,Europe,Champions League,179,0,0,407
-DMC-,DMC,Netherlands,UCL,3,2,0,0,0,Jorthy Mokio,517929,Defender,130,Ajax,Europe,Champions League,212,1,0,408
-DC-,D(C),Denmark,UCL,2,2,0,0,0,Munashe Garan'anga,474641,Defender,10,Copenhagen,Europe,Champions League,34,0,0,409
-DL-DR-ML-MR-,"D(LR),M(LR)",Italy,UCL,4,0,0,0,0,Andrea Cambiaso,423440,Defender,87,Juventus,Europe,Champions League,347,2,0,410
-DMC-,DMC,Greece,UCL,4,3,0,0,0,Christos Mouzakitis,533922,Midfielder,843,Olympiacos,Europe,Champions League,184,0,0,411
-DMC-,DMC,Portugal,UCL,3,0,0,0,0,João Simões,540227,Midfielder,296,Sporting,Europe,Champions League,224,0,0,412
-AMC-AML-AMR-FW-,"AM(CLR),FW",France,UCL,3,1,0,0,1,Takumi Minamino,262838,Midfielder,248,Monaco,Europe,Champions League,174,0,0,413
-AMC-AML-AMR-FW-,"AM(CLR),FW",Germany,UCL,4,1,0,0,1,Maximilian Beier,387125,Forward,44,Borussia Dortmund,Europe,Champions League,228,1,0,414
-AMC-AML-AMR-FW-,"AM(CLR),FW",Spain,UCL,2,2,0,0,0,Thiago Almada,361732,Midfielder,63,Atletico,Europe,Champions League,46,0,0,415
-DL-DR-ML-,"D(LR),M(L)",Italy,UCL,3,0,0,0,1,Leonardo Spinazzola,92329,Defender,276,Napoli,Europe,Champions League,237,1,0,416
-DC-,D(C),Italy,UCL,3,0,0,0,0,Sam Beukema,422739,Defender,276,Napoli,Europe,Champions League,237,0,0,417
-FW-,FW,Czech Republic,UCL,4,1,0,0,0,Tomás Chory,339647,Forward,349,Slavia Prague,Europe,Champions League,261,0,0,418
-FW-MC-ML-MR-,"M(CLR),FW",Germany,UCL,3,0,0,0,0,Ritsu Doan,343435,Midfielder,45,Eintracht Frankfurt,Europe,Champions League,222,1,0,419
-DL-ML-,"D(L),M(L)",Belgium,UCL,3,1,0,0,0,Bjorn Meijer,415775,Defender,124,Club Brugge,Europe,Champions League,153,0,0,420
-GK-,GK,Spain,UCL,4,0,0,0,0,Jan Oblak,76662,Goalkeeper,63,Atletico,Europe,Champions League,360,0,0,421
-DC-,D(C),Spain,UCL,4,0,0,0,0,Aitor Paredes,402663,Defender,53,Athletic Club,Europe,Champions League,360,2,0,422
,Defender,Denmark,UCL,3,1,0,0,1,Junnosuke Suzuki,562979,Defender,10,Copenhagen,Europe,Champions League,225,1,0,423
-DMC-,DMC,Spain,UCL,4,2,0,0,0,Marc Casadó,454343,Midfielder,65,Barcelona,Europe,Champions League,167,2,0,424
-DR-,D(R),Kazakhstan,UCL,4,1,0,0,0,Erkin Tapalov,424172,Defender,1770,Kairat Almaty,Europe,Champions League,226,0,0,425
,Forward,Kazakhstan,UCL,4,0,0,0,0,Jorginho,530684,Forward,1770,Kairat Almaty,Europe,Champions League,321,2,0,426
-GK-,GK,England,UCL,2,0,0,0,0,Alisson Becker,114147,Goalkeeper,26,Liverpool,Europe,Champions League,146,0,0,427
-DL-,D(L),Spain,UCL,4,2,0,0,0,Sergi Cardona,448209,Defender,839,Villarreal,Europe,Champions League,197,0,0,428
-FW-,FW,Azerbaijan,UCL,3,2,0,0,1,Nariman Akhundzada,443691,Forward,2569,Qarabag FK,Europe,Champions League,108,1,0,429
-AMC-AML-AMR-,AM(CLR),Germany,UCL,4,1,0,0,0,Ernest Poku,422737,Forward,36,Leverkusen,Europe,Champions League,248,0,0,430
-MC-,M(C),Italy,UCL,4,0,0,0,0,Frank Anguissa,349561,Midfielder,276,Napoli,Europe,Champions League,341,0,0,431
-DC-,D(C),Spain,UCL,3,0,0,0,0,Dani Vivian,357839,Defender,53,Athletic Club,Europe,Champions League,226,0,0,432
-AMC-,AM(C),Germany,UCL,4,3,0,0,0,Ibrahim Maza,477985,Forward,36,Leverkusen,Europe,Champions League,184,1,0,433
-DMC-,DMC,England,UCL,3,2,0,0,2,Andrey Santos,451236,Midfielder,15,Chelsea,Europe,Champions League,113,2,0,434
-DC-,D(C),England,UCL,2,1,0,0,0,Fabian Schär,82726,Defender,23,Newcastle,Europe,Champions League,70,0,0,435
-DC-DMC-DR-,"D(CR),DMC",England,UCL,3,2,0,0,0,Ben White,322036,Defender,13,Arsenal,Europe,Champions League,82,0,0,436
-AML-FW-,"AM(L),FW",Germany,UCL,3,3,0,1,0,Fábio Silva,380655,Forward,44,Borussia Dortmund,Europe,Champions League,39,0,0,437
,Forward,Belgium,UCL,4,4,0,0,0,Marc Giger,551801,Forward,2647,Union St.Gilloise,Europe,Champions League,113,1,0,438
-FW-,FW,Denmark,UCL,4,0,0,0,0,Youssoufa Moukoko,406701,Forward,10,Copenhagen,Europe,Champions League,277,0,0,439
-DR-MR-,"D(R),M(R)",Czech Republic,UCL,3,1,0,0,0,David Doudera,476672,Midfielder,349,Slavia Prague,Europe,Champions League,159,1,0,440
,Midfielder,Spain,UCL,4,1,0,0,0,Alejandro Rego,560362,Midfielder,53,Athletic Club,Europe,Champions League,244,0,0,441
-AMC-AML-,AM(CL),Kazakhstan,UCL,4,0,0,0,0,Valeri Gromyko,376895,Midfielder,1770,Kairat Almaty,Europe,Champions League,305,1,0,442
-DC-DMC-DR-,"D(CR),DMC",England,UCL,3,1,0,0,0,Trevoh Chalobah,353292,Defender,15,Chelsea,Europe,Champions League,225,0,0,443
-GK-,GK,Germany,UCL,4,0,0,0,0,Gregor Kobel,336028,Goalkeeper,44,Borussia Dortmund,Europe,Champions League,360,0,0,444
-MC-ML-MR-,M(CLR),Norway,UCL,4,1,0,1,0,Sondre Fet,321062,Midfielder,439,Bodoe/Glimt,Europe,Champions League,248,0,0,445
-DMC-,DMC,Portugal,UCL,3,3,0,0,1,Hidemasa Morita,409279,Midfielder,296,Sporting,Europe,Champions League,49,0,0,446
-GK-,GK,Portugal,UCL,3,0,0,0,0,Rui Silva,141833,Goalkeeper,296,Sporting,Europe,Champions League,270,0,0,447
,Midfielder,France,UCL,2,2,0,0,0,Pape Cabral,584953,Midfielder,248,Monaco,Europe,Champions League,34,0,0,448
-DC-,D(C),Germany,UCL,4,0,0,0,0,Edmond Tapsoba,369446,Defender,36,Leverkusen,Europe,Champions League,360,3,0,449
-FW-,FW,Germany,UCL,4,1,0,1,0,Christian Kofane,550465,Forward,36,Leverkusen,Europe,Champions League,191,0,0,450
-AML-,AM(L),Portugal,UCL,3,2,0,0,0,Andreas Schjelderup,424588,Forward,299,Benfica,Europe,Champions League,104,0,0,451
,Forward,Kazakhstan,UCL,4,0,0,0,0,Dastan Satpaev,556176,Forward,1770,Kairat Almaty,Europe,Champions League,350,2,0,452
-DC-DMC-,"D(C),DMC",Germany,UCL,4,0,0,0,0,Robin Koch,276205,Defender,45,Eintracht Frankfurt,Europe,Champions League,350,0,0,453
-AMC-AML-AMR-,AM(CLR),Italy,UCL,4,4,0,0,1,David Neres,326505,Forward,276,Napoli,Europe,Champions League,81,0,0,454
,Forward,Spain,UCL,2,2,0,0,1,Roony Bardghji,435529,Forward,65,Barcelona,Europe,Champions League,23,0,0,455
,Forward,Denmark,UCL,2,2,0,1,0,Viktor Dadason,584180,Forward,10,Copenhagen,Europe,Champions League,61,0,0,456
-FW-,FW,Spain,UCL,3,2,0,0,0,Robert Lewandowski,29400,Forward,65,Barcelona,Europe,Champions League,120,0,0,457
-DMC-,DMC,Belgium,UCL,4,0,0,0,0,Adem Zorgane,422197,Midfielder,2647,Union St.Gilloise,Europe,Champions League,354,0,0,458
-GK-,GK,Azerbaijan,UCL,4,0,0,0,0,Mateusz Kochalski,499524,Goalkeeper,2569,Qarabag FK,Europe,Champions League,360,0,0,459
-AMR-,AM(R),Italy,UCL,2,2,0,0,0,Edon Zhegrova,363181,Midfielder,87,Juventus,Europe,Champions League,21,0,0,460
-DR-MR-,"D(R),M(R)",Spain,UCL,3,2,0,0,0,Nahuel Molina,303728,Defender,63,Atletico,Europe,Champions League,135,1,0,461
-FW-MC-ML-MR-,"M(CLR),FW",Germany,UCL,4,1,0,0,0,Farès Chaïbi,444725,Midfielder,45,Eintracht Frankfurt,Europe,Champions League,295,0,0,462
-DL-DMC-,"D(L),DMC",Czech Republic,UCL,4,1,0,0,0,Michal Sadílek,361838,Midfielder,349,Slavia Prague,Europe,Champions League,255,0,0,463
-DL-MR-,"D(L),M(R)",Azerbaijan,UCL,4,4,0,0,0,Toral Bayramov,389344,Defender,2569,Qarabag FK,Europe,Champions League,77,1,0,464
-AMC-AML-AMR-FW-,"AM(CLR),FW",England,UCL,4,2,0,1,0,Brennan Johnson,379688,Forward,30,Tottenham,Europe,Champions League,151,0,1,465
-GK-,GK,Spain,UCL,4,0,0,0,0,Unai Simón,332823,Goalkeeper,53,Athletic Club,Europe,Champions League,360,0,0,466
-DL-DMC-,"D(L),DMC",Netherlands,UCL,4,1,0,0,0,Anass Salah-Eddine,437387,Defender,129,PSV Eindhoven,Europe,Champions League,286,0,0,467
-DC-,D(C),Czech Republic,UCL,3,0,0,0,0,Tomás Vlcek,365943,Defender,349,Slavia Prague,Europe,Champions League,248,0,0,468
-AMC-FW-,"AM(C),FW",Italy,UCL,2,1,0,0,0,Loïs Openda,363618,Forward,87,Juventus,Europe,Champions League,85,0,0,469
-AMC-AML-AMR-,AM(CLR),Germany,UCL,3,1,0,0,0,Malik Tillman,397465,Midfielder,36,Leverkusen,Europe,Champions League,164,1,0,470
,Midfielder,Czech Republic,UCL,2,0,0,0,0,David Moses,551510,Midfielder,349,Slavia Prague,Europe,Champions League,142,0,0,471
-DC-DMC-,"D(C),DMC",England,UCL,3,2,0,0,0,Christian Nørgaard,101856,Midfielder,13,Arsenal,Europe,Champions League,108,1,0,472
-AML-,AM(L),Belgium,UCL,3,3,0,1,0,Mamadou Diakhon,482831,Forward,124,Club Brugge,Europe,Champions League,51,1,0,473
-FW-MC-ML-MR-,"M(CLR),FW",England,UCL,2,2,0,0,0,Federico Chiesa,322971,Forward,26,Liverpool,Europe,Champions League,47,0,0,474
-AMC-AML-,AM(CL),Netherlands,UCL,4,1,0,0,0,Oscar Gloukh,439420,Midfielder,130,Ajax,Europe,Champions League,217,0,0,475
-DL-ML-,"D(L),M(L)",England,UCL,2,2,0,0,0,Lewis Hall,430294,Defender,23,Newcastle,Europe,Champions League,42,0,0,476
-FW-,FW,Spain,UCL,4,0,0,1,0,Georges Mikautadze,389020,Forward,839,Villarreal,Europe,Champions League,288,0,0,477
-GK-,GK,France,UCL,4,0,0,0,0,Lucas Chevalier,398299,Goalkeeper,304,PSG,Europe,Champions League,360,0,0,478
-AMC-AML-FW-,"AM(CL),FW",Italy,UCL,2,2,0,0,0,Kamaldeen Sulemana,422135,Forward,300,Atalanta,Europe,Champions League,57,0,0,479
-DMC-,DMC,Spain,UCL,3,3,0,0,0,Íñigo Ruíz de Galarreta,106586,Midfielder,53,Athletic Club,Europe,Champions League,80,0,0,480
-FW-,FW,Spain,UCL,3,3,0,0,0,Tani Oluwaseyi,445292,Forward,839,Villarreal,Europe,Champions League,84,0,0,481
-DMC-,DMC,Spain,UCL,3,1,0,0,0,Mikel Vesga,261516,Midfielder,53,Athletic Club,Europe,Champions League,180,0,0,482
,Midfielder,Norway,UCL,4,0,0,0,0,Sondre Auklend,395378,Midfielder,439,Bodoe/Glimt,Europe,Champions League,334,2,0,483
-MC-MR-,M(CR),Germany,UCL,3,3,0,0,0,Leon Goretzka,115519,Midfielder,37,Bayern,Europe,Champions League,49,0,0,484
-GK-,GK,Belgium,UCL,4,0,0,0,0,Kjell Scherpen,361867,Goalkeeper,2647,Union St.Gilloise,Europe,Champions League,360,0,0,485
-GK-,GK,Germany,UCL,4,0,0,0,0,Mark Flekken,115131,Goalkeeper,36,Leverkusen,Europe,Champions League,360,0,0,486
-DC-,D(C),France,UCL,3,1,0,0,0,Illia Zabarnyi,399826,Defender,304,PSG,Europe,Champions League,143,1,1,487
,Forward,France,UCL,2,2,0,0,0,Quentin Ndjantou,560493,Forward,304,PSG,Europe,Champions League,24,0,0,488
-AMC-FW-,"AM(C),FW",Portugal,UCL,3,3,0,0,0,Franjo Ivanovic,499993,Forward,299,Benfica,Europe,Champions League,60,0,0,489
,Forward,Spain,UCL,3,3,0,0,0,Nico Serrano,423109,Forward,53,Athletic Club,Europe,Champions League,57,0,0,490
-DL-DR-MC-ML-MR-,"D(LR),M(CLR)",Portugal,UCL,4,0,0,0,0,Fredrik Aursnes,303544,Midfielder,299,Benfica,Europe,Champions League,339,1,0,491
-GK-,GK,England,UCL,3,1,0,0,0,Giorgi Mamardashvili,401633,Goalkeeper,26,Liverpool,Europe,Champions League,214,0,0,492
-DC-,D(C),Germany,UCL,3,1,0,0,0,Nico Schlotterbeck,371275,Defender,44,Borussia Dortmund,Europe,Champions League,200,0,0,493
-GK-,GK,Italy,UCL,3,0,0,0,0,Michele Di Gregorio,319696,Goalkeeper,87,Juventus,Europe,Champions League,270,0,0,494
-AML-AMR-,AM(LR),Netherlands,UCL,2,2,0,0,0,Esmir Bajraktarevic,445302,Forward,129,PSV Eindhoven,Europe,Champions League,39,0,0,495
-DC-,D(C),Italy,UCL,3,1,0,0,0,Isak Hien,454908,Defender,300,Atalanta,Europe,Champions League,215,0,0,496
-FW-MC-ML-MR-,"M(CLR),FW",Denmark,UCL,4,3,0,0,0,Viktor Claesson,99972,Midfielder,10,Copenhagen,Europe,Champions League,174,0,0,497
-GK-,GK,Spain,UCL,3,0,0,0,0,Luiz Júnior,400826,Goalkeeper,839,Villarreal,Europe,Champions League,270,0,0,498
-ML-,M(L),Italy,UCL,3,0,0,0,0,Lorenzo Bernasconi,480033,Defender,300,Atalanta,Europe,Champions League,226,1,0,499
-AMR-FW-,"AM(R),FW",Spain,UCL,3,2,0,0,0,Alexander Sørloth,302497,Forward,63,Atletico,Europe,Champions League,129,0,0,500
-DR-MR-,"D(R),M(R)",Germany,UCL,3,1,0,0,0,Arthur,437724,Defender,36,Leverkusen,Europe,Champions League,228,0,0,501
-FW-MC-ML-MR-,"M(CLR),FW",Italy,UCL,4,0,0,0,0,Matteo Politano,122683,Forward,276,Napoli,Europe,Champions League,262,1,0,502
-FW-MC-ML-MR-,"M(CLR),FW",Spain,UCL,3,1,0,0,0,Nico González,345322,Forward,63,Atletico,Europe,Champions League,156,0,0,503
-DC-DL-DMC-DR-MR-,"D(CLR),DMC,M(R)",England,UCL,3,1,0,0,0,Reece James,361330,Defender,15,Chelsea,Europe,Champions League,167,1,0,504
-MC-,M(C),Spain,UCL,4,1,0,0,0,Santi Comesaña,362735,Midfielder,839,Villarreal,Europe,Champions League,267,1,0,505
-MC-,M(C),Italy,UCL,2,2,0,0,0,Marco Brescianini,367260,Midfielder,300,Atalanta,Europe,Champions League,18,0,0,506
-DR-MC-MR-,"D(R),M(CR)",Spain,UCL,2,1,0,0,0,Thomas Partey,238940,Midfielder,839,Villarreal,Europe,Champions League,102,0,0,507
-DL-FW-ML-MR-,"D(L),M(LR),FW",Italy,UCL,2,2,0,0,0,Filip Kostic,105995,Midfielder,87,Juventus,Europe,Champions League,20,0,0,508
-AMC-AMR-,AM(CR),Portugal,UCL,2,2,0,0,0,Gianluca Prestianni,438274,Forward,299,Benfica,Europe,Champions League,41,0,0,509
-AML-AMR-FW-,"AM(LR),FW",Italy,UCL,3,3,0,0,0,Noa Lang,354283,Forward,276,Napoli,Europe,Champions League,70,0,0,510
-AMC-AML-AMR-,AM(CLR),Netherlands,UCL,2,1,0,0,0,Oliver Edvardsen,383616,Forward,130,Ajax,Europe,Champions League,135,0,0,511
,Midfielder,Kazakhstan,UCL,3,3,0,0,0,Giorgi Zaria,322883,Midfielder,1770,Kairat Almaty,Europe,Champions League,53,0,0,512
-MC-,M(C),Netherlands,UCL,2,2,0,0,0,Kian Fitz-Jim,415781,Midfielder,130,Ajax,Europe,Champions League,25,0,0,513
-DC-,D(C),Azerbaijan,UCL,4,0,0,0,0,Bahlul Mustafazada,383100,Defender,2569,Qarabag FK,Europe,Champions League,360,0,0,514
-DC-MC-,"D(C),M(C)",Italy,UCL,4,0,0,0,0,Teun Koopmeiners,343308,Midfielder,87,Juventus,Europe,Champions League,279,0,0,515
-DR-MR-,"D(R),M(R)",England,UCL,3,0,0,0,0,Jeremie Frimpong,392644,Defender,26,Liverpool,Europe,Champions League,139,0,0,516
-FW-MC-MR-,"M(CR),FW",Belgium,UCL,2,1,0,0,0,Cisse Sandra,420300,Midfielder,124,Club Brugge,Europe,Champions League,112,0,0,517
-DC-,D(C),Norway,UCL,3,2,0,0,0,Jostein Gundersen,320735,Defender,439,Bodoe/Glimt,Europe,Champions League,105,0,1,518
-DC-DMC-,"D(C),DMC",Italy,UCL,4,0,0,0,0,Marten de Roon,85070,Midfielder,300,Atalanta,Europe,Champions League,316,2,0,519
-DC-,D(C),Norway,UCL,3,3,0,0,0,Villads Nielsen,521876,Defender,439,Bodoe/Glimt,Europe,Champions League,30,0,0,520
-AMC-AML-,AM(CL),Germany,UCL,4,2,0,0,0,Jean-Mattéo Bahoya,444748,Forward,45,Eintracht Frankfurt,Europe,Champions League,161,0,0,521
-DC-DL-DR-MR-,"D(CLR),M(R)",France,UCL,4,3,0,0,0,Amir Murillo,280972,Defender,249,Marseille,Europe,Champions League,155,0,0,522
,Forward,Cyprus,UCL,3,0,0,0,0,Bruno Felipe,425315,Forward,2748,Pafos FC,Europe,Champions League,205,0,1,523
-DL-,D(L),Cyprus,UCL,4,2,0,0,0,Kostas Pileas,383307,Defender,2748,Pafos FC,Europe,Champions League,219,0,0,524
-DC-DR-MR-,"D(CR),M(R)",Belgium,UCL,3,3,0,0,0,Louis Patris,400512,Defender,2647,Union St.Gilloise,Europe,Champions League,33,0,0,525
-AML-AMR-,AM(LR),Netherlands,UCL,3,2,0,0,0,Raúl Moro,396490,Forward,130,Ajax,Europe,Champions League,110,0,0,526
-DC-DR-,D(CR),England,UCL,3,0,0,0,0,Tosin Adarabioyo,136464,Defender,15,Chelsea,Europe,Champions League,226,1,0,527
-DC-DL-ML-,"D(CL),M(L)",Portugal,UCL,2,2,0,0,0,Matheus Reis,283978,Defender,296,Sporting,Europe,Champions League,25,0,0,528
-AML-,AM(L),Denmark,UCL,4,1,0,0,1,Elias Achouri,421895,Midfielder,10,Copenhagen,Europe,Champions League,257,0,0,529
-DL-,D(L),Netherlands,UCL,3,0,0,0,0,Owen Wijndal,328550,Defender,130,Ajax,Europe,Champions League,191,0,0,530
-DL-ML-,"D(L),M(L)",Spain,UCL,4,2,0,0,0,Alfonso Pedraza,276489,Defender,839,Villarreal,Europe,Champions League,165,1,0,531
-DMC-,DMC,Portugal,UCL,3,2,0,0,0,Leandro Barreiro,363038,Midfielder,299,Benfica,Europe,Champions League,93,0,0,532
-DL-ML-,"D(L),M(L)",England,UCL,3,2,0,0,0,Milos Kerkez,424273,Defender,26,Liverpool,Europe,Champions League,96,0,0,533
-AMC-AML-FW-,"AM(CL),FW",Germany,UCL,4,3,0,0,0,Eliesse Ben Seghir,444598,Midfielder,36,Leverkusen,Europe,Champions League,112,0,0,534
-AMC-AML-AMR-FW-,"AM(CLR),FW",Spain,UCL,3,1,0,0,0,Ayoze Pérez,135366,Forward,839,Villarreal,Europe,Champions League,156,0,0,535
-AMC-AML-FW-,"AM(CL),FW",Spain,UCL,3,2,0,0,0,Álex Baena,395242,Midfielder,63,Atletico,Europe,Champions League,90,0,0,536
-AMC-AMR-,AM(CR),Netherlands,UCL,3,3,0,0,0,Paul Wanner,430703,Midfielder,129,PSV Eindhoven,Europe,Champions League,41,0,0,537
-MC-,M(C),England,UCL,3,0,0,0,0,Lucas Bergvall,505295,Midfielder,30,Tottenham,Europe,Champions League,210,0,0,538
-AMC-AML-,AM(CL),Spain,UCL,4,3,0,0,0,Alberto Moleiro,448211,Midfielder,839,Villarreal,Europe,Champions League,114,1,0,539
-FW-MC-ML-,"M(CL),FW",France,UCL,3,3,0,0,0,Angel Gomes,338497,Midfielder,249,Marseille,Europe,Champions League,62,0,0,540
-MC-,M(C),England,UCL,2,2,0,0,0,Joe Willock,342563,Midfielder,23,Newcastle,Europe,Champions League,29,0,0,541
-DC-DL-,D(CL),Italy,UCL,3,2,0,0,0,Juan Jesus,84603,Defender,276,Napoli,Europe,Champions League,158,0,0,542
-DC-,D(C),Germany,UCL,4,3,0,0,0,Min-Jae Kim,370912,Defender,37,Bayern,Europe,Champions League,153,1,0,543
-FW-,FW,France,UCL,2,2,0,0,0,George Ilenikhena,470978,Forward,248,Monaco,Europe,Champions League,34,0,0,544
-DMC-DR-MR-,"D(R),DMC,M(R)",Spain,UCL,2,1,0,0,0,Trent Alexander-Arnold,318871,Defender,52,Real Madrid,Europe,Champions League,14,0,0,545
-DC-,D(C),Netherlands,UCL,3,1,0,0,0,Armando Obispo,345333,Defender,129,PSV Eindhoven,Europe,Champions League,157,0,0,546
-AMC-FW-,"AM(C),FW",Italy,UCL,4,2,0,0,0,Jonathan David,383855,Forward,87,Juventus,Europe,Champions League,165,0,0,547
-FW-,FW,Kazakhstan,UCL,4,4,0,0,1,Ricardinho,416884,Forward,1770,Kairat Almaty,Europe,Champions League,39,0,0,548
-FW-,FW,France,UCL,4,3,0,0,0,Mika Biereth,430909,Forward,248,Monaco,Europe,Champions League,95,0,0,549
,Goalkeeper,Kazakhstan,UCL,2,0,0,0,0,Sherkhan Kalmurza,569452,Goalkeeper,1770,Kairat Almaty,Europe,Champions League,180,0,0,550
-DC-,D(C),Belgium,UCL,3,0,0,0,0,Fedde Leysen,428122,Defender,2647,Union St.Gilloise,Europe,Champions League,270,0,0,551
-DC-DL-DMC-ML-,"D(CL),DMC,M(L)",France,UCL,2,1,0,0,0,Ulisses Garcia,149348,Defender,249,Marseille,Europe,Champions League,113,0,0,552
-DL-ML-,"D(L),M(L)",Cyprus,UCL,4,4,0,0,0,Bruno Langa,390741,Defender,2748,Pafos FC,Europe,Champions League,48,1,0,553
-AMR-,AM(R),England,UCL,2,2,0,0,0,Oscar Bobb,430709,Midfielder,167,Man City,Europe,Champions League,28,0,0,554
,Defender,Denmark,UCL,3,3,0,0,0,Yoram Zague,513663,Defender,10,Copenhagen,Europe,Champions League,96,1,0,555
-AMC-FW-,"AM(C),FW",Czech Republic,UCL,3,3,0,0,0,Muhammed Cham,426340,Midfielder,349,Slavia Prague,Europe,Champions League,40,0,0,556
-MC-MR-,M(CR),Italy,UCL,3,2,0,0,1,Yunus Musah,400357,Midfielder,300,Atalanta,Europe,Champions League,128,2,0,557
-DC-DR-MR-,"D(CR),M(R)",Czech Republic,UCL,3,2,0,0,0,Daiki Hashioka,411101,Defender,349,Slavia Prague,Europe,Champions League,112,0,0,558
-DC-,D(C),Italy,UCL,2,1,0,0,0,Daniele Rugani,116207,Defender,87,Juventus,Europe,Champions League,101,0,0,559
,Midfielder,Kazakhstan,UCL,2,2,0,0,0,Adilet Sadybekov,456837,Midfielder,1770,Kairat Almaty,Europe,Champions League,30,0,0,560
-DL-,D(L),Turkey,UCL,4,3,0,0,0,Eren Elmali,373036,Defender,294,Galatasaray,Europe,Champions League,101,0,0,561
,Midfielder,Cyprus,UCL,4,0,0,0,0,Vlad Dragomir,346190,Midfielder,2748,Pafos FC,Europe,Champions League,332,0,0,562
-DC-DL-DR-ML-MR-,"D(CLR),M(LR)",Greece,UCL,2,2,0,0,0,Giulian Biancone,367162,Defender,843,Olympiacos,Europe,Champions League,18,0,0,563
-AMC-AML-AMR-FW-,"AM(CLR),FW",Spain,UCL,3,0,0,0,0,Iñaki Williams,255182,Forward,53,Athletic Club,Europe,Champions League,174,0,0,564
-AMC-,AM(C),Germany,UCL,4,2,0,0,0,Claudio Echeverri,478241,Midfielder,36,Leverkusen,Europe,Champions League,136,1,0,565
-DR-MR-,"D(R),M(R)",France,UCL,2,0,0,0,0,Vanderson,408033,Defender,248,Monaco,Europe,Champions League,112,0,0,566
-DC-,D(C),Denmark,UCL,4,0,0,0,0,Gabriel Pereira,472900,Defender,10,Copenhagen,Europe,Champions League,342,1,0,567
-FW-,FW,Italy,UCL,2,2,0,0,0,Gianluca Scamacca,302650,Forward,300,Atalanta,Europe,Champions League,33,0,0,568
,Defender,Kazakhstan,UCL,4,0,0,0,0,Aleksandr Mrynskiy,499083,Defender,1770,Kairat Almaty,Europe,Champions League,351,0,0,569
-AMR-,AM(R),Norway,UCL,2,2,0,0,0,Ole Didrik Blomberg,402884,Midfielder,439,Bodoe/Glimt,Europe,Champions League,27,0,0,570
-DC-DMC-DR-,"D(CR),DMC",Turkey,UCL,3,3,0,0,0,Kaan Ayhan,129171,Defender,294,Galatasaray,Europe,Champions League,33,0,0,571
,Midfielder,Kazakhstan,UCL,2,2,0,0,0,Olzhas Baybek,538766,Midfielder,1770,Kairat Almaty,Europe,Champions League,45,0,0,572
-AMC-AML-AMR-FW-,"AM(CLR),FW",Italy,UCL,3,0,0,0,0,Ademola Lookman,299451,Forward,300,Atalanta,Europe,Champions League,198,0,0,573
-DR-MR-,"D(R),M(R)",Spain,UCL,4,1,0,0,0,Andoni Gorosabel,345908,Defender,53,Athletic Club,Europe,Champions League,257,1,0,574
-DMC-,DMC,Germany,UCL,4,3,0,0,0,Ellyes Skhiri,238903,Midfielder,45,Eintracht Frankfurt,Europe,Champions League,93,0,0,575
-MC-MR-,M(CR),Belgium,UCL,2,2,0,0,0,Hugo Vetlesen,335698,Midfielder,124,Club Brugge,Europe,Champions League,19,0,0,576
-DC-DMC-,"D(C),DMC",Portugal,UCL,3,2,0,0,0,Zeno Debast,410633,Defender,296,Sporting,Europe,Champions League,123,1,0,577
-DL-,D(L),Portugal,UCL,3,0,0,0,0,Samuel Dahl,509647,Defender,299,Benfica,Europe,Champions League,249,0,0,578
-DC-DL-,D(CL),Spain,UCL,2,1,0,0,0,Aymeric Laporte,122117,Defender,53,Athletic Club,Europe,Champions League,135,0,0,579
-DMC-,DMC,Greece,UCL,4,0,0,0,0,Dani García,127392,Midfielder,843,Olympiacos,Europe,Champions League,274,2,0,580
-DL-DR-,D(LR),Netherlands,UCL,2,0,0,0,0,Lucas Rosa,459064,Defender,130,Ajax,Europe,Champions League,174,1,0,581
-DL-DMC-,"D(L),DMC",Turkey,UCL,2,2,0,0,0,Berkan Kutlu,399932,Midfielder,294,Galatasaray,Europe,Champions League,3,0,0,582
-DC-,D(C),Portugal,UCL,3,0,0,0,0,António Silva,443613,Defender,299,Benfica,Europe,Champions League,253,0,0,583
-MC-,M(C),Germany,UCL,4,1,0,0,0,Hugo Larsson,443796,Midfielder,45,Eintracht Frankfurt,Europe,Champions League,281,0,0,584
-DC-,D(C),Netherlands,UCL,4,2,0,0,0,Josip Sutalo,402666,Defender,130,Ajax,Europe,Champions League,221,0,0,585
-GK-,GK,Netherlands,UCL,2,0,0,0,0,Remko Pasveer,34550,Goalkeeper,130,Ajax,Europe,Champions League,180,0,0,586
,Defender,Azerbaijan,UCL,2,2,0,0,0,Dani Bolt,399242,Defender,2569,Qarabag FK,Europe,Champions League,27,0,0,587
-AMC-AML-FW-,"AM(CL),FW",England,UCL,2,2,0,0,0,Omar Marmoush,394749,Forward,167,Man City,Europe,Champions League,8,0,0,588
-DC-DL-ML-,"D(CL),M(L)",Netherlands,UCL,4,0,0,0,0,Youri Baas,422801,Defender,130,Ajax,Europe,Champions League,325,1,0,589
-DL-DR-FW-MC-MR-,"D(LR),M(CR),FW",Germany,UCL,2,2,0,0,0,Pascal Groß,71824,Midfielder,44,Borussia Dortmund,Europe,Champions League,24,0,0,590
-ML-,M(L),Belgium,UCL,4,0,0,0,0,Ousseynou Niang,539156,Midfielder,2647,Union St.Gilloise,Europe,Champions League,345,1,0,591
-MC-ML-,M(CL),Netherlands,UCL,4,1,0,0,0,Davy Klaassen,108860,Midfielder,130,Ajax,Europe,Champions League,315,1,0,592
,Midfielder,Italy,UCL,3,3,0,0,0,Vasilije Adzic,484428,Midfielder,87,Juventus,Europe,Champions League,38,0,0,593
-DC-DL-,D(CL),England,UCL,2,0,0,0,0,Jorrel Hato,467715,Defender,15,Chelsea,Europe,Champions League,180,0,0,594
-DMC-,DMC,Czech Republic,UCL,4,0,0,0,0,Christos Zafeiris,436152,Midfielder,349,Slavia Prague,Europe,Champions League,340,1,0,595
-DC-DL-ML-,"D(CL),M(L)",Norway,UCL,3,0,0,0,0,Haitam Aleesami,295248,Defender,439,Bodoe/Glimt,Europe,Champions League,244,1,0,596
-DR-MR-,"D(R),M(R)",Italy,UCL,4,1,0,0,0,Raoul Bellanova,349184,Defender,300,Atalanta,Europe,Champions League,242,1,0,597
-AMC-AML-,AM(CL),Netherlands,UCL,4,0,0,0,0,Mika Godts,462099,Forward,130,Ajax,Europe,Champions League,315,0,0,598
-DC-,D(C),Italy,UCL,3,0,0,0,0,Alessandro Buongiorno,333373,Defender,276,Napoli,Europe,Champions League,270,0,0,599
,Midfielder,Denmark,UCL,3,3,0,0,0,Mads Emil Madsen,404279,Midfielder,10,Copenhagen,Europe,Champions League,56,0,0,600
,Midfielder,Kazakhstan,UCL,2,2,0,0,0,Jug Stanojev,493135,Midfielder,1770,Kairat Almaty,Europe,Champions League,45,0,0,601
-MC-MR-,M(CR),Germany,UCL,4,4,0,0,0,Tom Bischof,431282,Midfielder,37,Bayern,Europe,Champions League,74,1,0,602
-DMC-,DMC,Netherlands,UCL,3,2,0,0,0,James McConnell,492375,Midfielder,130,Ajax,Europe,Champions League,118,1,0,603
,Midfielder,Norway,UCL,2,2,0,0,0,Anders Klynge,444344,Midfielder,439,Bodoe/Glimt,Europe,Champions League,3,0,0,604
-AML-FW-,"AM(L),FW",Cyprus,UCL,3,2,0,0,0,Landry Dimata,344071,Forward,2748,Pafos FC,Europe,Champions League,75,0,0,605
-DL-ML-,"D(L),M(L)",Norway,UCL,2,2,0,0,0,Isak Määttä,395826,Defender,439,Bodoe/Glimt,Europe,Champions League,13,0,0,606
-MC-,M(C),Belgium,UCL,4,1,0,0,0,Kamiel Van de Perre,530542,Midfielder,2647,Union St.Gilloise,Europe,Champions League,247,2,0,607
,Forward,Azerbaijan,UCL,2,2,0,0,0,Musa Qurbanli,404260,Forward,2569,Qarabag FK,Europe,Champions League,2,0,0,608
-DMC-,DMC,Belgium,UCL,3,2,0,0,0,Lynnt Audoor,431320,Midfielder,124,Club Brugge,Europe,Champions League,78,0,0,609
-FW-,FW,Netherlands,UCL,2,2,0,0,0,Myron Boadu,357081,Forward,129,PSV Eindhoven,Europe,Champions League,12,0,0,610
-DMC-,DMC,Germany,UCL,3,0,0,0,0,Ezequiél Fernández,411433,Midfielder,36,Leverkusen,Europe,Champions League,222,0,0,611
,Midfielder,Spain,UCL,2,2,0,0,0,Marc Bernal,534796,Midfielder,65,Barcelona,Europe,Champions League,21,0,0,612
-FW-,FW,Turkey,UCL,4,4,0,0,0,Mauro Icardi,106964,Forward,294,Galatasaray,Europe,Champions League,79,1,0,613
-AML-FW-,"AM(L),FW",Greece,UCL,4,4,0,0,0,Mehdi Taremi,358801,Forward,843,Olympiacos,Europe,Champions League,101,1,0,614
-DC-DL-,D(CL),France,UCL,2,0,0,0,0,Facundo Medina,330672,Defender,249,Marseille,Europe,Champions League,126,1,0,615
-MC-MR-,M(CR),Turkey,UCL,4,3,0,0,0,Gabriel Sara,349218,Midfielder,294,Galatasaray,Europe,Champions League,110,0,0,616
-DR-MR-,"D(R),M(R)",Netherlands,UCL,4,2,0,0,0,Anton Gaaei,484494,Defender,130,Ajax,Europe,Champions League,221,2,0,617
-AMR-,AM(R),Czech Republic,UCL,2,2,0,0,0,Ivan Schranz,399384,Forward,349,Slavia Prague,Europe,Champions League,46,1,0,618
,Forward,Cyprus,UCL,2,2,0,0,0,Mons Bassouamina,457891,Forward,2748,Pafos FC,Europe,Champions League,55,0,0,619
-FW-,FW,Norway,UCL,4,0,0,0,0,Kasper Høgh,479291,Forward,439,Bodoe/Glimt,Europe,Champions League,296,0,0,620
-FW-,FW,Czech Republic,UCL,3,3,0,0,0,Mojmír Chytil,464771,Forward,349,Slavia Prague,Europe,Champions League,61,1,0,621
-FW-,FW,Belgium,UCL,3,3,0,0,0,Romeo Vermant,476732,Forward,124,Club Brugge,Europe,Champions League,63,0,0,622
,Defender,Kazakhstan,UCL,4,1,0,0,0,Damir Kasabulat,439585,Defender,1770,Kairat Almaty,Europe,Champions League,242,0,0,623
-DL-DR-MC-,"D(LR),M(C)",Netherlands,UCL,4,1,0,0,0,Youri Regeer,427577,Midfielder,130,Ajax,Europe,Champions League,181,0,0,624
-FW-,FW,Cyprus,UCL,3,2,0,0,0,Anderson Silva,380620,Forward,2748,Pafos FC,Europe,Champions League,75,0,0,625
-DC-DMC-,"D(C),DMC",Netherlands,UCL,3,0,0,0,0,Ko Itakura,369525,Defender,130,Ajax,Europe,Champions League,264,1,0,626
-DC-DR-,D(CR),Denmark,UCL,4,0,0,0,0,Pantelis Hatzidiakos,300755,Defender,10,Copenhagen,Europe,Champions League,324,1,0,627
-MC-,M(C),Spain,UCL,4,2,0,0,0,Dani Parejo,28186,Midfielder,839,Villarreal,Europe,Champions League,148,0,0,628
-DMC-,DMC,Greece,UCL,3,0,0,0,0,Santiago Hezze,392345,Midfielder,843,Olympiacos,Europe,Champions League,219,0,1,629
-MC-,M(C),Greece,UCL,2,2,0,0,0,Diogo Nascimento,492324,Midfielder,843,Olympiacos,Europe,Champions League,86,0,0,630
-DC-DMC-,"D(C),DMC",Spain,UCL,2,2,0,0,0,Andreas Christensen,130331,Defender,65,Barcelona,Europe,Champions League,24,0,0,631
-FW-,FW,Portugal,UCL,2,2,0,0,0,Henrique Araújo,424769,Forward,299,Benfica,Europe,Champions League,12,0,0,632
-MC-,M(C),Belgium,UCL,3,2,0,0,0,Rob Schoofs,92586,Midfielder,2647,Union St.Gilloise,Europe,Champions League,68,1,0,633
,Forward,France,UCL,2,2,0,0,0,Robinio Vaz,511691,Forward,249,Marseille,Europe,Champions League,27,0,0,634
-DR-MC-ML-MR-,"D(R),M(CLR)",Spain,UCL,3,0,0,0,0,Tajon Buchanan,371027,Forward,839,Villarreal,Europe,Champions League,212,0,0,635
-DC-,D(C),Germany,UCL,4,3,0,0,0,Aurèle Amenda,450271,Defender,45,Eintracht Frankfurt,Europe,Champions League,133,1,0,636
,Midfielder,Greece,UCL,2,2,0,0,0,Lorenzo Scipioni,437277,Midfielder,843,Olympiacos,Europe,Champions League,23,1,0,637
-DC-DL-,D(CL),France,UCL,2,1,0,0,0,Christian Mawissa,456749,Defender,248,Monaco,Europe,Champions League,98,1,0,638
-DC-DL-DR-MR-,"D(CLR),M(R)",Italy,UCL,3,0,0,0,0,Giovanni Di Lorenzo,122469,Defender,276,Napoli,Europe,Champions League,201,0,1,639
-MC-ML-MR-,M(CLR),Greece,UCL,2,1,0,0,0,Gabriel Strefezza,335576,Forward,843,Olympiacos,Europe,Champions League,50,1,0,640
-AMC-,AM(C),Spain,UCL,3,1,0,0,0,Unai Gómez,480619,Midfielder,53,Athletic Club,Europe,Champions League,161,0,0,641
-MC-ML-,M(CL),Netherlands,UCL,3,0,0,0,0,Kenneth Taylor,401122,Midfielder,130,Ajax,Europe,Champions League,170,0,1,642
-DMC-,DMC,Italy,UCL,3,2,0,0,0,Billy Gilmour,381255,Midfielder,276,Napoli,Europe,Champions League,85,0,0,643
-DC-MC-,"D(C),M(C)",Germany,UCL,2,0,0,0,0,Robert Andrich,122140,Midfielder,36,Leverkusen,Europe,Champions League,121,0,1,644
-AMC-AML-FW-,"AM(CL),FW",England,UCL,3,1,0,0,0,João Pedro,373525,Forward,15,Chelsea,Europe,Champions League,190,0,1,645
-FW-,FW,Netherlands,UCL,3,0,0,1,0,Wout Weghorst,115479,Forward,130,Ajax,Europe,Champions League,199,1,0,646
-DR-MR-,"D(R),M(R)",Cyprus,UCL,2,0,0,0,0,João Correia,381794,Defender,2748,Pafos FC,Europe,Champions League,81,0,1,647
-GK-,GK,Greece,UCL,3,0,0,0,0,Konstantinos Tzolakis,397331,Goalkeeper,843,Olympiacos,Europe,Champions League,270,0,0,648
-GK-,GK,Netherlands,UCL,2,0,0,0,0,Vítezslav Jaros,391831,Goalkeeper,130,Ajax,Europe,Champions League,180,0,0,649
-FW-,FW,Italy,UCL,2,1,0,0,0,Lorenzo Lucca,424819,Forward,276,Napoli,Europe,Champions League,77,0,1,650
-GK-,GK,Denmark,UCL,4,0,0,0,0,Dominik Kotarski,365432,Goalkeeper,10,Copenhagen,Europe,Champions League,360,0,0,651
