,playedPositionsShort,teamRegionName,apps,subOn,manOfTheMatch,goal,assistTotal,name,playerId,positionText,teamId,teamName,tournamentRegionName,tournamentName,rating,minsPlayed,yellowCard,redCard,ranking
-AMC-,AM(C),Italy,11,0,5,4,4,Nico Paz,448659,Midfielder,1290,Como,Italy,Serie A,7.850909091,979,2,0,1
-DC-DL-ML-,"D(CL),M(L)",Italy,11,3,3,2,4,Federico Dimarco,255929,Defender,75,Inter,Italy,Serie A,7.49,777,1,0,2
-FW-MC-ML-MR-,"M(CLR),FW",Italy,9,0,3,5,1,Hakan Çalhanoglu,110373,Midfielder,75,Inter,Italy,Serie A,7.45,700,1,0,3
-ML-MR-,M(LR),Italy,11,0,1,2,1,Alexis Saelemaekers,365308,Forward,80,AC Milan,Italy,Serie A,7.410909091,953,1,0,4
-GK-,GK,Italy,7,0,2,0,0,Emil Audero,254692,Goalkeeper,2731,Cremonese,Italy,Serie A,7.377142857,630,0,0,5
-FW-MC-ML-MR-,"M(CLR),FW",Italy,7,3,2,4,2,Christian Pulisic,302692,Midfielder,80,AC Milan,Italy,Serie A,7.365714286,344,0,0,6
-MC-,M(C),Italy,11,0,2,1,2,Luka Modric,20874,Midfielder,80,AC Milan,Italy,Serie A,7.269090909,965,2,0,7
-GK-,GK,Italy,11,0,1,0,0,Ivan Provedel,118667,Goalkeeper,77,Lazio,Italy,Serie A,7.235454545,990,0,0,8
-GK-,GK,Italy,10,0,2,0,0,Arijanet Muric,362426,Goalkeeper,2889,Sassuolo,Italy,Serie A,7.217,900,2,0,9
-DC-,D(C),Italy,10,0,0,1,3,Alessandro Bastoni,329665,Defender,75,Inter,Italy,Serie A,7.212,866,1,0,10
-MC-,M(C),Italy,11,1,4,4,1,Frank Anguissa,349561,Midfielder,276,Napoli,Italy,Serie A,7.189090909,932,1,0,11
-DC-DMC-,"D(C),DMC",Italy,11,0,0,0,1,Gianluca Mancini,244804,Defender,84,Roma,Italy,Serie A,7.18,985,3,0,12
-AMC-AML-AMR-FW-,"AM(CLR),FW",Italy,10,1,1,2,3,Kenan Yildiz,494525,Forward,87,Juventus,Italy,Serie A,7.16,827,0,0,13
-DC-,D(C),Italy,11,1,2,1,0,Tiago Gabriel,515580,Defender,79,Lecce,Italy,Serie A,7.13,911,1,0,14
-AMC-,AM(C),Italy,11,1,0,1,3,Nicolò Barella,148684,Midfielder,75,Inter,Italy,Serie A,7.087272727,846,1,0,15
-GK-,GK,Italy,11,0,2,0,0,Elia Caprile,362780,Goalkeeper,78,Cagliari,Italy,Serie A,7.072727273,990,1,0,16
-AMC-AMR-,AM(CR),Italy,11,0,2,1,2,Arthur Atta,469507,Midfielder,86,Udinese,Italy,Serie A,7.062727273,951,1,0,17
-AMR-FW-,"AM(R),FW",Italy,9,0,1,4,3,Domenico Berardi,118542,Forward,2889,Sassuolo,Italy,Serie A,7.061111111,759,2,0,18
-DC-,D(C),Italy,9,1,0,0,0,Jacobo Ramón,516374,Defender,1290,Como,Italy,Serie A,7.061111111,719,2,1,19
-FW-MC-MR-,"M(CR),FW",Italy,11,2,2,5,0,Riccardo Orsolini,286828,Forward,71,Bologna,Italy,Serie A,7.051818182,746,1,0,20
-AMC-AML-FW-,"AM(CL),FW",Italy,7,2,2,4,1,Rafael Leão,349207,Forward,80,AC Milan,Italy,Serie A,7.032857143,454,0,0,21
-FW-MC-MR-,"M(CR),FW",Italy,11,1,2,3,2,Matías Soulé,425079,Forward,84,Roma,Italy,Serie A,7.026363636,792,0,0,22
-FW-,FW,Italy,11,1,1,4,2,Lautaro Martínez,299344,Forward,75,Inter,Italy,Serie A,7.011818182,824,2,0,23
-GK-,GK,Italy,11,0,2,0,0,Mile Svilar,331422,Goalkeeper,84,Roma,Italy,Serie A,7.009090909,990,0,0,24
-DC-,D(C),Italy,7,0,0,0,0,Francesco Acerbi,54968,Defender,75,Inter,Italy,Serie A,7.001428571,623,1,0,25
-DC-,D(C),Italy,10,0,1,1,0,Guillermo Maripán,121417,Defender,72,Torino,Italy,Serie A,6.994,833,1,0,26
-GK-,GK,Italy,11,0,2,0,0,Jean Butez,256536,Goalkeeper,1290,Como,Italy,Serie A,6.993636364,990,0,0,27
-DC-,D(C),Italy,11,0,0,1,1,Saúl Coco,431167,Defender,72,Torino,Italy,Serie A,6.972727273,990,0,0,28
-DC-,D(C),Italy,8,0,1,0,1,Tarik Muharemovic,439533,Defender,2889,Sassuolo,Italy,Serie A,6.97125,720,3,0,29
-FW-MC-ML-MR-,"M(CLR),FW",Italy,8,1,0,4,0,Kevin De Bruyne,73084,Midfielder,276,Napoli,Italy,Serie A,6.97,569,1,0,30
-DL-ML-,"D(L),M(L)",Italy,8,0,1,0,2,Aarón Martín,323546,Defender,278,Genoa,Italy,Serie A,6.96625,673,2,0,31
-DC-,D(C),Italy,11,0,1,0,0,Mario Gila,437646,Defender,77,Lazio,Italy,Serie A,6.956363636,955,1,0,32
-MR-,M(R),Italy,9,0,1,1,0,Idrissa Touré,330505,Midfielder,777,Pisa,Italy,Serie A,6.951111111,732,0,1,33
-DC-,D(C),Italy,8,1,0,0,0,Diego Carlos,134984,Defender,1290,Como,Italy,Serie A,6.94125,668,3,0,34
-DL-ML-MR-,"D(L),M(LR)",Italy,7,1,0,1,1,Nicola Zalewski,403913,Midfielder,300,Atalanta,Italy,Serie A,6.938571429,424,0,0,35
-MC-,M(C),Italy,9,1,0,2,1,Medon Berisha,439607,Midfielder,79,Lecce,Italy,Serie A,6.933333333,665,0,0,36
-DC-,D(C),Italy,11,0,0,2,1,Strahinja Pavlovic,383864,Defender,80,AC Milan,Italy,Serie A,6.911818182,924,0,0,37
-AMC-AML-FW-,"AM(CL),FW",Italy,10,0,1,3,0,Mattia Zaccagni,149029,Midfielder,77,Lazio,Italy,Serie A,6.895,862,2,0,38
-DC-,D(C),Italy,9,0,0,2,1,Leo Østigård,369971,Defender,278,Genoa,Italy,Serie A,6.892222222,766,4,0,39
-AMC-AML-AMR-FW-,"AM(CLR),FW",Italy,11,4,1,2,4,Nicolò Cambiaghi,373544,Forward,71,Bologna,Italy,Serie A,6.883636364,624,2,0,40
-DL-,D(L),Italy,9,2,0,1,0,Juan Miranda,361993,Defender,71,Bologna,Italy,Serie A,6.878888889,636,2,0,41
-MC-,M(C),Italy,7,2,0,1,0,Nikola Moro,331383,Midfielder,71,Bologna,Italy,Serie A,6.878571429,433,0,0,42
-DR-MR-,"D(R),M(R)",Italy,10,0,2,1,0,Wesley,429481,Defender,84,Roma,Italy,Serie A,6.873,853,3,0,43
-DC-,D(C),Italy,10,0,0,1,0,Alessandro Circati,447486,Defender,24341,Parma Calcio 1913,Italy,Serie A,6.869,851,0,0,44
-DC-MC-ML-,"D(C),M(CL)",Italy,10,1,1,2,1,Scott McTominay,336915,Midfielder,276,Napoli,Italy,Serie A,6.869,813,0,0,45
-MC-,M(C),Italy,10,0,0,0,0,Manuel Locatelli,273539,Midfielder,87,Juventus,Italy,Serie A,6.868,762,3,0,46
-DC-MC-,"D(C),M(C)",Italy,11,0,0,1,0,Bryan Cristante,109149,Midfielder,84,Roma,Italy,Serie A,6.867272727,932,2,0,47
-DC-,D(C),Italy,11,0,0,0,1,Oumar Solet,354072,Defender,86,Udinese,Italy,Serie A,6.866363636,960,0,0,48
-FW-,FW,Italy,9,3,2,4,1,Santiago Castro,421081,Forward,71,Bologna,Italy,Serie A,6.858888889,600,1,0,49
-GK-,GK,Italy,10,0,1,0,0,Mike Maignan,141646,Goalkeeper,80,AC Milan,Italy,Serie A,6.851,866,0,0,50
-DMC-ML-,"DMC,M(L)",Italy,10,2,0,1,1,Khéphren Thuram,366379,Midfielder,87,Juventus,Italy,Serie A,6.849,689,0,0,51
-FW-MC-ML-MR-,"M(CLR),FW",Italy,7,1,0,0,0,Henrikh Mkhitaryan,28421,Midfielder,75,Inter,Italy,Serie A,6.847142857,484,2,0,52
-FW-,FW,Italy,11,0,1,1,3,Giovane,436627,Forward,76,Verona,Italy,Serie A,6.841818182,881,1,0,53
-FW-MC-ML-MR-,"M(CLR),FW",Italy,11,1,0,0,1,Matteo Politano,122683,Forward,276,Napoli,Italy,Serie A,6.840909091,765,1,0,54
-MR-,M(R),Italy,10,1,0,0,1,Marco Palestra,481154,Defender,78,Cagliari,Italy,Serie A,6.834,815,0,0,55
-DL-DR-ML-MR-,"D(LR),M(LR)",Italy,9,0,0,1,1,Andrea Cambiaso,423440,Defender,87,Juventus,Italy,Serie A,6.828888889,752,0,1,56
-DC-,D(C),Italy,11,0,0,0,0,Matteo Gabbia,337443,Defender,80,AC Milan,Italy,Serie A,6.825454545,990,1,0,57
-DC-,D(C),Italy,9,0,0,1,0,Yerry Mina,318432,Defender,78,Cagliari,Italy,Serie A,6.823333333,718,0,0,58
-MC-ML-MR-,M(CLR),Italy,9,0,0,2,0,Suat Serdar,296119,Midfielder,76,Verona,Italy,Serie A,6.814444444,762,2,0,59
-DC-DL-,D(CL),Italy,9,0,0,0,0,Torbjørn Heggem,364336,Defender,71,Bologna,Italy,Serie A,6.811111111,805,0,0,60
-DC-DL-,D(CL),Italy,9,0,1,1,0,Lloyd Kelly,332419,Defender,87,Juventus,Italy,Serie A,6.81,810,3,0,61
-FW-,FW,Italy,11,6,0,4,3,Ange-Yoan Bonny,447489,Forward,75,Inter,Italy,Serie A,6.804545455,411,0,0,62
-GK-,GK,Italy,11,0,2,0,0,Marco Carnesecchi,383278,Goalkeeper,300,Atalanta,Italy,Serie A,6.802727273,990,0,0,63
-MC-,M(C),Italy,11,2,0,0,4,Jari Vandeputte,132779,Midfielder,2731,Cremonese,Italy,Serie A,6.797272727,738,1,0,64
-AMC-AML-AMR-FW-,"AM(CLR),FW",Italy,9,2,0,3,0,Nicolò Zaniolo,332398,Midfielder,86,Udinese,Italy,Serie A,6.788888889,557,2,0,65
-GK-,GK,Italy,11,0,1,0,0,Adrian Semper,326640,Goalkeeper,777,Pisa,Italy,Serie A,6.788181818,990,0,0,66
-DC-,D(C),Italy,11,0,0,0,0,Victor Nelsson,376805,Defender,76,Verona,Italy,Serie A,6.783636364,990,2,0,67
-FW-MC-ML-MR-,"M(CLR),FW",Italy,11,0,1,1,2,Mario Pasalic,129903,Midfielder,300,Atalanta,Italy,Serie A,6.778181818,901,1,0,68
-DMC-,DMC,Italy,10,0,0,0,0,Nemanja Matic,38128,Midfielder,2889,Sassuolo,Italy,Serie A,6.772,892,1,0,69
-DC-DR-MR-,"D(CR),M(R)",Italy,10,2,0,1,1,Zeki Çelik,136481,Defender,84,Roma,Italy,Serie A,6.769,726,1,0,70
-MC-ML-,M(CL),Italy,7,3,1,2,0,Lorenzo Pellegrini,148546,Midfielder,84,Roma,Italy,Serie A,6.767142857,386,1,0,71
-FW-MC-ML-MR-,"M(CLR),FW",Italy,9,3,1,2,0,Charles De Ketelaere,386390,Forward,300,Atalanta,Italy,Serie A,6.766666667,565,2,0,72
-DC-DL-DMC-DR-,"D(CLR),DMC",Italy,9,0,0,0,0,Manuel Akanji,297390,Defender,75,Inter,Italy,Serie A,6.765555556,810,1,0,73
-AMC-FW-,"AM(C),FW",Italy,8,2,1,4,0,Federico Bonazzoli,149543,Forward,2731,Cremonese,Italy,Serie A,6.76375,485,0,0,74
-DMC-,DMC,Italy,11,0,0,0,0,Manu Koné,369570,Midfielder,84,Roma,Italy,Serie A,6.762727273,990,0,0,75
-FW-,FW,Italy,10,2,2,3,1,Keinan Davis,303107,Forward,86,Udinese,Italy,Serie A,6.761,562,2,0,76
-DMC-,DMC,Italy,11,2,0,0,0,Patrizio Masini,447452,Midfielder,278,Genoa,Italy,Serie A,6.760909091,834,3,0,77
-AMC-AMR-,AM(CR),Italy,8,1,1,1,0,Francisco Conceição,409221,Forward,87,Juventus,Italy,Serie A,6.75875,573,0,0,78
-DC-DL-,D(CL),Italy,11,0,0,0,0,Evan Ndicka,323450,Defender,84,Roma,Italy,Serie A,6.758181818,936,2,0,79
-DC-,D(C),Italy,11,0,0,0,0,Antonio Caracciolo,83719,Defender,777,Pisa,Italy,Serie A,6.758181818,990,2,0,80
-GK-,GK,Italy,11,0,1,0,0,Zion Suzuki,447570,Goalkeeper,24341,Parma Calcio 1913,Italy,Serie A,6.756363636,990,1,0,81
-DC-,D(C),Italy,11,0,1,0,0,Simone Canestrelli,423449,Defender,777,Pisa,Italy,Serie A,6.755454545,990,1,0,82
-DC-,D(C),Italy,10,3,0,2,0,Marc Oliver Kempf,116465,Defender,1290,Como,Italy,Serie A,6.754,606,1,0,83
,Defender,Italy,7,2,0,0,0,Nicolò Bertola,416238,Defender,86,Udinese,Italy,Serie A,6.751428571,430,2,0,84
-DR-,D(R),Italy,9,3,0,0,0,Ivan Smolcic,531127,Defender,1290,Como,Italy,Serie A,6.75,597,4,0,85
-DC-DMC-,"D(C),DMC",Italy,10,0,0,0,0,Jay Idzes,422637,Defender,2889,Sassuolo,Italy,Serie A,6.746,900,0,0,86
-DC-,D(C),Italy,8,0,0,0,0,Unai Núñez,344200,Defender,76,Verona,Italy,Serie A,6.74375,640,2,0,87
-DC-,D(C),Italy,7,1,1,0,0,Pablo Marí,141032,Defender,73,Fiorentina,Italy,Serie A,6.742857143,553,2,0,88
-MC-,M(C),Italy,10,2,0,0,1,Ebenezer Akinsanmiro,482453,Midfielder,777,Pisa,Italy,Serie A,6.74,750,1,0,89
-DMC-,DMC,Italy,11,2,1,2,0,Rolando Mandragora,241020,Midfielder,73,Fiorentina,Italy,Serie A,6.738181818,781,0,0,90
-DC-DL-DR-MR-,"D(CLR),M(R)",Italy,11,0,0,0,0,Giovanni Di Lorenzo,122469,Defender,276,Napoli,Italy,Serie A,6.738181818,990,1,0,91
-DC-,D(C),Italy,11,0,1,2,0,Federico Baschirotto,446953,Defender,2731,Cremonese,Italy,Serie A,6.737272727,990,1,0,92
-DL-,D(L),Italy,10,2,0,0,1,Álex Valle,454341,Defender,1290,Como,Italy,Serie A,6.737,755,1,0,93
-DMC-,DMC,Italy,10,4,0,1,2,Petar Sucic,439534,Midfielder,75,Inter,Italy,Serie A,6.729,539,3,0,94
-FW-,FW,Italy,11,0,1,4,0,Andrea Pinamonti,317544,Forward,2889,Sassuolo,Italy,Serie A,6.727272727,926,1,0,95
-DC-DL-,D(CL),Italy,9,2,0,1,0,Mario Hermoso,344156,Defender,84,Roma,Italy,Serie A,6.726666667,664,3,0,96
-DMC-,DMC,Italy,10,1,1,1,1,Máximo Perrone,433972,Midfielder,1290,Como,Italy,Serie A,6.724,779,4,0,97
-DC-,D(C),Italy,10,2,0,0,0,Martin Frese,532910,Defender,76,Verona,Italy,Serie A,6.722,758,2,0,98
-DC-DL-,D(CL),Italy,10,0,0,0,1,Adam Obert,424534,Defender,78,Cagliari,Italy,Serie A,6.716,853,5,0,99
-DC-,D(C),Italy,8,2,0,0,1,Alessandro Buongiorno,333373,Defender,276,Napoli,Italy,Serie A,6.7125,567,0,0,100
-DR-MR-,"D(R),M(R)",Italy,11,0,1,0,1,Brooke Norton-Cuffy,431573,Defender,278,Genoa,Italy,Serie A,6.71,990,2,0,101
-DL-DR-ML-,"D(LR),M(L)",Italy,9,3,0,1,2,Leonardo Spinazzola,92329,Defender,276,Napoli,Italy,Serie A,6.708888889,536,1,0,102
-AMC-AMR-FW-,"AM(CR),FW",Italy,8,3,1,1,1,Paulo Dybala,114863,Forward,84,Roma,Italy,Serie A,6.70375,451,0,0,103
-DMC-,DMC,Italy,11,0,0,1,1,Youssouf Fofana,362470,Midfielder,80,AC Milan,Italy,Serie A,6.703636364,906,3,0,104
-MC-,M(C),Italy,10,2,0,1,1,Danilo Cataldi,118147,Midfielder,77,Lazio,Italy,Serie A,6.702,765,2,0,105
-DC-,D(C),Italy,10,2,0,0,0,Berat Djimsiti,100962,Defender,300,Atalanta,Italy,Serie A,6.698,783,1,0,106
-AMR-FW-,"AM(R),FW",Italy,11,1,0,4,0,Giovanni Simeone,133839,Forward,72,Torino,Italy,Serie A,6.697272727,760,0,0,107
-MC-,M(C),Italy,7,0,0,1,1,Toma Basic,343982,Midfielder,77,Lazio,Italy,Serie A,6.695714286,503,0,0,108
-DC-DL-MR-,"D(CL),M(R)",Italy,10,0,0,2,0,Filippo Terracciano,395782,Defender,2731,Cremonese,Italy,Serie A,6.694,891,2,0,109
-GK-,GK,Italy,11,0,1,0,0,Wladimiro Falcone,118163,Goalkeeper,79,Lecce,Italy,Serie A,6.693636364,990,1,0,110
-DC-DL-,D(CL),Italy,9,0,0,0,0,Alessio Romagnoli,118158,Defender,77,Lazio,Italy,Serie A,6.691111111,751,1,0,111
-AMC-AML-FW-,"AM(CL),FW",Italy,10,4,0,2,1,Kamaldeen Sulemana,422135,Forward,300,Atalanta,Italy,Serie A,6.682,488,2,0,112
-DC-,D(C),Italy,10,2,1,1,0,Jhon Lucumí,363653,Defender,71,Bologna,Italy,Serie A,6.677,770,2,0,113
-DL-ML-,"D(L),M(L)",Italy,7,1,0,0,1,Emanuele Valeri,343512,Defender,24341,Parma Calcio 1913,Italy,Serie A,6.672857143,498,0,0,114
-DMC-,DMC,Italy,8,1,0,1,0,Roberto Gagliardini,136279,Midfielder,76,Verona,Italy,Serie A,6.6725,575,3,0,115
-DC-DR-,D(CR),Italy,9,1,0,0,0,Fikayo Tomori,317507,Defender,80,AC Milan,Italy,Serie A,6.672222222,686,2,0,116
-DL-ML-MR-,"D(L),M(LR)",Italy,8,1,1,0,1,Hassane Kamara,239881,Defender,86,Udinese,Italy,Serie A,6.67,618,2,0,117
-AML-FW-,"AM(L),FW",Italy,10,5,0,2,3,Nikola Krstovic,404252,Forward,300,Atalanta,Italy,Serie A,6.664,489,1,0,118
-FW-,FW,Italy,11,0,0,2,0,Mateo Pellegrino,409250,Forward,24341,Parma Calcio 1913,Italy,Serie A,6.655454545,926,2,0,119
-DMC-,DMC,Italy,9,1,0,0,0,Remo Freuler,302691,Midfielder,71,Bologna,Italy,Serie A,6.654444444,686,2,0,120
-DC-DL-ML-,"D(CL),M(L)",Italy,10,1,0,0,0,Josh Doig,397024,Defender,2889,Sassuolo,Italy,Serie A,6.654,754,4,0,121
-DC-DR-MR-,"D(CR),M(R)",Italy,11,0,0,0,0,Pierre Kalulu,391836,Defender,87,Juventus,Italy,Serie A,6.653636364,990,0,0,122
-DR-MR-,"D(R),M(R)",Italy,10,2,0,0,1,Danilo Veiga,444938,Defender,79,Lecce,Italy,Serie A,6.653,762,3,0,123
-DR-MR-,"D(R),M(R)",Italy,8,2,1,0,1,Alessandro Zanoli,423515,Defender,86,Udinese,Italy,Serie A,6.65,538,0,0,124
-DMC-,DMC,Italy,11,0,0,0,0,Ylber Ramadani,319034,Midfielder,79,Lecce,Italy,Serie A,6.649090909,964,2,0,125
-MC-MR-,M(CR),Italy,9,2,0,0,0,Lucas da Cunha,379615,Midfielder,1290,Como,Italy,Serie A,6.647777778,665,1,0,126
-DMC-,DMC,Italy,11,1,1,0,0,Cesare Casadei,433219,Midfielder,72,Torino,Italy,Serie A,6.647272727,919,3,0,127
-DR-MR-,"D(R),M(R)",Italy,9,3,0,0,0,Raoul Bellanova,349184,Defender,300,Atalanta,Italy,Serie A,6.646666667,652,0,0,128
-MC-ML-MR-,M(CLR),Italy,9,4,0,0,1,Mehdi Léris,338073,Midfielder,777,Pisa,Italy,Serie A,6.644444444,476,0,0,129
-DL-DR-ML-MR-,"D(LR),M(LR)",Italy,8,1,0,0,1,Davide Zappacosta,141312,Midfielder,300,Atalanta,Italy,Serie A,6.64,648,1,0,130
-FW-MC-ML-MR-,"M(CLR),FW",Italy,9,1,0,1,1,Ruslan Malinovskyi,295456,Midfielder,278,Genoa,Italy,Serie A,6.637777778,612,5,0,131
-MC-,M(C),Italy,8,3,0,1,1,Samuele Ricci,372509,Midfielder,80,AC Milan,Italy,Serie A,6.6375,491,0,0,132
-DMC-,DMC,Italy,9,4,1,1,0,Billy Gilmour,381255,Midfielder,276,Napoli,Italy,Serie A,6.634444444,414,1,0,133
-DC-DL-DR-ML-MR-,"D(CLR),M(LR)",Italy,10,1,0,0,1,Adam Marusic,275698,Defender,77,Lazio,Italy,Serie A,6.634,773,1,0,134
-GK-,GK,Italy,10,0,1,0,0,Michele Di Gregorio,319696,Goalkeeper,87,Juventus,Italy,Serie A,6.632,900,1,0,135
-DR-MR-,"D(R),M(R)",Italy,11,2,0,1,0,Denzel Dumfries,322153,Defender,75,Inter,Italy,Serie A,6.631818182,723,1,0,136
-MC-,M(C),Italy,7,1,0,0,0,Lewis Ferguson,396971,Midfielder,71,Bologna,Italy,Serie A,6.625714286,535,1,0,137
-DL-,D(L),Italy,11,0,0,0,1,Antonino Gallo,382637,Defender,79,Lecce,Italy,Serie A,6.622727273,925,1,0,138
-GK-,GK,Italy,10,0,0,0,0,Lukasz Skorupski,77397,Goalkeeper,71,Bologna,Italy,Serie A,6.622,818,1,0,139
-DC-DR-,D(CR),Italy,10,0,0,0,0,Sebastian Walukiewicz,383585,Defender,2889,Sassuolo,Italy,Serie A,6.621,846,1,0,140
-MC-,M(C),Italy,9,3,0,0,1,Maxence Caqueret,368272,Midfielder,1290,Como,Italy,Serie A,6.62,468,0,0,141
-DMC-,DMC,Italy,11,0,0,2,0,Adrián Bernabé,363978,Midfielder,24341,Parma Calcio 1913,Italy,Serie A,6.618181818,876,0,0,142
-DL-MC-ML-,"D(L),M(CL)",Italy,9,0,0,1,0,Robin Gosens,141726,Defender,73,Fiorentina,Italy,Serie A,6.616666667,727,1,0,143
-DC-,D(C),Italy,10,0,0,0,0,Isak Hien,454908,Defender,300,Atalanta,Italy,Serie A,6.615,837,2,0,144
-DC-DL-,D(CL),Italy,11,0,0,0,0,Johan Vásquez,425115,Defender,278,Genoa,Italy,Serie A,6.611818182,990,1,0,145
-AMC-,AM(C),Italy,11,0,0,1,0,Jesper Karlström,320585,Midfielder,86,Udinese,Italy,Serie A,6.601818182,972,2,0,146
-AMC-AML-AMR-FW-,"AM(CLR),FW",Italy,7,2,1,1,0,Ademola Lookman,299451,Forward,300,Atalanta,Italy,Serie A,6.594285714,447,0,0,147
-DC-DL-,D(CL),Italy,9,2,0,0,0,Juan Jesus,84603,Defender,276,Napoli,Italy,Serie A,6.593333333,603,2,0,148
-DL-ML-,"D(L),M(L)",Italy,7,0,0,0,1,Giuseppe Pezzella,298515,Defender,2731,Cremonese,Italy,Serie A,6.592857143,630,2,0,149
-AMC-AMR-FW-,"AM(CR),FW",Italy,9,3,0,2,1,Jens Odgaard,362553,Forward,71,Bologna,Italy,Serie A,6.587777778,495,1,0,150
-AML-FW-,"AM(L),FW",Italy,7,2,0,2,0,Jamie Vardy,106981,Forward,2731,Cremonese,Italy,Serie A,6.587142857,513,2,0,151
-FW-,FW,Italy,9,5,0,1,2,Thijs Dallinga,379687,Forward,71,Bologna,Italy,Serie A,6.585555556,365,1,0,152
-AMC-FW-,"AM(C),FW",Italy,10,0,0,1,0,Sebastiano Esposito,371397,Forward,78,Cagliari,Italy,Serie A,6.585,730,3,0,153
-DC-DL-ML-,"D(CL),M(L)",Italy,10,0,1,1,0,Luca Ranieri,355869,Defender,73,Fiorentina,Italy,Serie A,6.581,814,4,0,154
-AMC-,AM(C),Italy,9,4,0,1,1,Lazar Samardzic,393039,Midfielder,300,Atalanta,Italy,Serie A,6.58,458,0,0,155
-DC-,D(C),Italy,10,1,0,1,0,Federico Gatti,439909,Defender,87,Juventus,Italy,Serie A,6.571,781,3,0,156
-DC-,D(C),Italy,8,3,0,0,0,Ardian Ismajli,366671,Defender,72,Torino,Italy,Serie A,6.57,505,2,0,157
-GK-,GK,Italy,7,0,0,0,0,Franco Israel,406957,Goalkeeper,72,Torino,Italy,Serie A,6.567142857,630,1,0,158
-DMC-DR-,"D(R),DMC",Italy,11,1,0,0,0,Morten Frendrup,424806,Midfielder,278,Genoa,Italy,Serie A,6.566363636,876,1,0,159
-FW-,FW,Italy,11,5,0,3,0,Dusan Vlahovic,315369,Forward,87,Juventus,Italy,Serie A,6.566363636,563,0,0,160
-DL-ML-,"D(L),M(L)",Italy,7,1,0,0,0,Nuno Tavares,379790,Defender,77,Lazio,Italy,Serie A,6.56,465,0,0,161
-DC-,D(C),Italy,11,0,0,0,0,Kialonda Gaspar,463347,Defender,79,Lecce,Italy,Serie A,6.558181818,990,4,0,162
-MC-ML-MR-,M(CLR),Italy,10,1,0,0,0,Michel Aebischer,327702,Midfielder,777,Pisa,Italy,Serie A,6.556,810,2,0,163
-AMR-FW-,"AM(R),FW",Italy,11,6,0,2,0,Tasos Douvikas,422873,Forward,1290,Como,Italy,Serie A,6.555454545,457,0,0,164
-DC-,D(C),Italy,11,1,0,0,1,Matteo Bianchetti,105249,Defender,2731,Cremonese,Italy,Serie A,6.553636364,878,1,0,165
-DC-MC-,"D(C),M(C)",Italy,10,4,0,0,0,Teun Koopmeiners,343308,Midfielder,87,Juventus,Italy,Serie A,6.545,593,4,0,166
-DC-DR-,D(CR),Italy,11,0,0,1,0,Enrico Delprato,355856,Defender,24341,Parma Calcio 1913,Italy,Serie A,6.54,990,2,0,167
-DMC-,DMC,Italy,10,1,0,0,0,Mandela Keita,411939,Midfielder,24341,Parma Calcio 1913,Italy,Serie A,6.536,804,0,0,168
-ML-,M(L),Italy,9,6,0,2,1,Mattia Felici,452020,Forward,78,Cagliari,Italy,Serie A,6.534444444,332,2,0,169
-ML-,M(L),Italy,8,3,0,0,1,Samuele Angori,431666,Defender,777,Pisa,Italy,Serie A,6.53,458,0,0,170
-DC-,D(C),Italy,7,4,0,0,0,Armel Bella-Kotchap,369970,Defender,76,Verona,Italy,Serie A,6.528571429,415,1,0,171
-FW-,FW,Italy,10,7,0,2,1,Artem Dovbyk,296975,Forward,84,Roma,Italy,Serie A,6.528,323,0,0,172
-FW-,FW,Italy,9,1,0,0,0,Santiago Giménez,445061,Forward,80,AC Milan,Italy,Serie A,6.526666667,627,1,0,173
-DR-FW-MC-ML-MR-,"D(R),M(CLR),FW",Italy,10,8,0,1,0,Juan Cuadrado,44868,Midfielder,777,Pisa,Italy,Serie A,6.524,322,2,0,174
-DC-DL-DR-ML-MR-,"D(CLR),M(LR)",Italy,9,2,0,1,0,Mërgim Vojvoda,228854,Defender,1290,Como,Italy,Serie A,6.522222222,501,2,0,175
-GK-,GK,Italy,9,0,1,0,0,Yann Sommer,35758,Goalkeeper,75,Inter,Italy,Serie A,6.518888889,810,0,0,176
,Defender,Italy,7,0,0,0,2,Sascha Britschgi,581362,Defender,24341,Parma Calcio 1913,Italy,Serie A,6.515714286,574,1,0,177
-ML-,M(L),Italy,7,2,0,0,0,Davide Bartesaghi,454356,Defender,80,AC Milan,Italy,Serie A,6.515714286,487,1,0,178
-FW-,FW,Italy,9,0,0,2,1,Gift Orban,472995,Forward,76,Verona,Italy,Serie A,6.514444444,744,3,0,179
-AMC-AMR-FW-,"AM(CR),FW",Italy,10,3,1,1,1,Cyril Ngonge,367742,Forward,72,Torino,Italy,Serie A,6.514,642,1,0,180
-AML-,AM(L),Italy,8,4,0,0,2,Jesús Rodríguez,539559,Forward,1290,Como,Italy,Serie A,6.51125,481,0,1,181
-GK-,GK,Italy,11,0,1,0,0,Lorenzo Montipò,142425,Goalkeeper,76,Verona,Italy,Serie A,6.510909091,990,0,0,182
-FW-,FW,Italy,7,1,1,2,0,Rasmus Højlund,439584,Forward,276,Napoli,Italy,Serie A,6.507142857,512,1,0,183
-GK-,GK,Italy,11,0,1,0,0,Nicola Leali,91169,Goalkeeper,278,Genoa,Italy,Serie A,6.506363636,990,1,0,184
,Forward,Italy,10,3,1,2,0,Stefano Moreo,141729,Forward,777,Pisa,Italy,Serie A,6.503,493,0,0,185
-FW-,FW,Italy,11,4,0,2,0,M'Bala Nzola,343368,Forward,777,Pisa,Italy,Serie A,6.501818182,710,1,0,186
-MC-,M(C),Italy,9,0,0,1,1,Mattéo Guendouzi,328983,Midfielder,77,Lazio,Italy,Serie A,6.501111111,800,3,1,187
-DR-MR-,"D(R),M(R)",Italy,11,3,0,0,0,Rafik Belghali,486753,Defender,76,Verona,Italy,Serie A,6.499090909,755,4,0,188
-AMC-AML-AMR-FW-,"AM(CLR),FW",Italy,10,6,0,1,1,Franco Vázquez,102439,Forward,2731,Cremonese,Italy,Serie A,6.494,406,1,0,189
-DR-MC-ML-MR-,"D(R),M(CLR)",Italy,8,3,0,0,0,Jean-Daniel Akpa Akpro,105347,Midfielder,76,Verona,Italy,Serie A,6.49375,452,4,0,190
-GK-,GK,Italy,7,0,0,0,0,Vanja Milinkovic-Savic,149474,Goalkeeper,276,Napoli,Italy,Serie A,6.492857143,630,0,0,191
-GK-,GK,Italy,11,0,0,0,0,David de Gea,79554,Goalkeeper,73,Fiorentina,Italy,Serie A,6.481818182,990,0,0,192
-ML-MR-,M(LR),Italy,7,0,0,0,1,Alessio Zerbin,338762,Forward,2731,Cremonese,Italy,Serie A,6.481428571,526,1,0,193
-DC-DMC-,"D(C),DMC",Italy,8,1,0,0,0,Marten de Roon,85070,Midfielder,300,Atalanta,Italy,Serie A,6.48125,548,1,1,194
-DR-MC-ML-MR-,"D(R),M(CLR)",Italy,10,2,0,0,1,Valentino Lazaro,114323,Defender,72,Torino,Italy,Serie A,6.48,710,1,0,195
-DC-DL-,D(CL),Italy,8,0,0,1,0,Sebastiano Luperto,255292,Defender,78,Cagliari,Italy,Serie A,6.4775,720,0,0,196
-AMC-AMR-FW-,"AM(CR),FW",Italy,10,3,1,0,0,Santiago Pierotti,381913,Forward,79,Lecce,Italy,Serie A,6.476,602,0,0,197
-DC-DR-MR-,"D(CR),M(R)",Italy,9,1,0,0,0,Gabriele Zappa,371396,Defender,78,Cagliari,Italy,Serie A,6.473333333,606,2,0,198
-FW-,FW,Italy,7,3,0,0,1,Evan Ferguson,423720,Forward,84,Roma,Italy,Serie A,6.47,306,1,0,199
-DC-DL-ML-,"D(CL),M(L)",Italy,10,6,0,0,1,Carlos Augusto,357897,Defender,75,Inter,Italy,Serie A,6.463,380,1,0,200
-DC-,D(C),Italy,10,0,0,0,0,Marin Pongracic,336048,Defender,73,Fiorentina,Italy,Serie A,6.461,900,4,0,201
-AMC-AML-FW-,"AM(CL),FW",Italy,11,7,0,2,0,Ché Adams,256419,Forward,72,Torino,Italy,Serie A,6.460909091,483,0,0,202
,Defender,Italy,7,5,0,0,0,Oliver Provstgaard,484491,Defender,77,Lazio,Italy,Serie A,6.458571429,280,0,0,203
-ML-MR-,M(LR),Italy,10,8,0,1,1,Alieu Fadera,421983,Forward,2889,Sassuolo,Italy,Serie A,6.457,332,1,0,204
-DR-MR-,"D(R),M(R)",Italy,11,0,0,0,0,Dodô,317675,Defender,73,Fiorentina,Italy,Serie A,6.446363636,981,2,0,205
-MC-,M(C),Italy,9,4,0,0,1,Kristian Thorstvedt,372407,Midfielder,2889,Sassuolo,Italy,Serie A,6.441111111,498,2,0,206
-DC-,D(C),Italy,7,1,0,0,0,Lautaro Valenti,364337,Defender,24341,Parma Calcio 1913,Italy,Serie A,6.44,587,2,0,207
-MC-,M(C),Italy,8,1,0,0,1,Hans Nicolussi Caviglia,371257,Midfielder,73,Fiorentina,Italy,Serie A,6.43875,572,2,0,208
-AML-FW-,"AM(L),FW",Italy,10,4,0,0,0,Vítinha,407949,Forward,278,Genoa,Italy,Serie A,6.434,462,2,0,209
-AMC-AML-AMR-,AM(CLR),Italy,9,5,0,0,2,David Neres,326505,Forward,276,Napoli,Italy,Serie A,6.43,427,2,0,210
-DMC-,DMC,Italy,8,2,0,0,1,Stanislav Lobotka,111892,Midfielder,276,Napoli,Italy,Serie A,6.42875,521,0,0,211
-AML-AMR-FW-,"AM(LR),FW",Italy,11,2,1,2,1,Armand Laurienté,355994,Forward,2889,Sassuolo,Italy,Serie A,6.416363636,634,0,0,212
-DL-DR-MR-,"D(LR),M(R)",Italy,8,1,0,0,0,Marcus Pedersen,357133,Defender,72,Torino,Italy,Serie A,6.415,628,1,0,213
-DMC-,DMC,Italy,11,1,0,0,0,Matteo Prati,447544,Midfielder,78,Cagliari,Italy,Serie A,6.414545455,825,2,0,214
-FW-,FW,Italy,9,6,1,1,0,Roberto Piccoli,369414,Forward,73,Fiorentina,Italy,Serie A,6.413333333,393,0,0,215
-MC-,M(C),Italy,9,0,0,1,0,Ismaël Koné,422851,Midfielder,2889,Sassuolo,Italy,Serie A,6.413333333,718,0,1,216
-AML-AMR-FW-,"AM(LR),FW",Italy,10,0,0,2,0,Moise Kean,328990,Forward,73,Fiorentina,Italy,Serie A,6.406,887,2,0,217
-FW-,FW,Italy,10,2,0,0,0,Nikola Stulic,452107,Forward,79,Lecce,Italy,Serie A,6.398,654,1,0,218
-MC-ML-,M(CL),Italy,10,0,0,1,0,Lassana Coulibaly,288894,Midfielder,79,Lecce,Italy,Serie A,6.394,839,2,0,219
-FW-ML-MR-,"M(LR),FW",Italy,7,3,0,0,0,Pontus Almqvist,345600,Forward,24341,Parma Calcio 1913,Italy,Serie A,6.391428571,352,0,0,220
-FW-,FW,Italy,10,5,0,1,0,Gennaro Borrelli,447445,Forward,78,Cagliari,Italy,Serie A,6.389,500,2,0,221
-DL-ML-,"D(L),M(L)",Italy,8,6,0,0,0,Luca Pellegrini,332268,Defender,77,Lazio,Italy,Serie A,6.3875,294,0,0,222
-MC-ML-MR-,M(CLR),Italy,9,6,0,1,0,Ruben Loftus-Cheek,255777,Midfielder,80,AC Milan,Italy,Serie A,6.386666667,360,0,0,223
-DC-,D(C),Italy,7,1,0,0,0,Abdoulaye Ndiaye,412864,Defender,24341,Parma Calcio 1913,Italy,Serie A,6.385714286,497,2,1,224
-AMC-AML-AMR-FW-,"AM(CLR),FW",Italy,11,1,0,0,0,Nikola Vlasic,343975,Midfielder,72,Torino,Italy,Serie A,6.384545455,761,2,0,225
-DMC-,DMC,Italy,10,1,0,0,0,Warren Bondo,446958,Midfielder,2731,Cremonese,Italy,Serie A,6.377,760,1,0,226
-FW-,FW,Italy,8,6,0,1,0,Adam Buksa,339502,Forward,86,Udinese,Italy,Serie A,6.37625,384,1,0,227
-DC-DR-,D(CR),Italy,7,5,0,0,0,Arturo Calabresi,243919,Defender,777,Pisa,Italy,Serie A,6.372857143,321,0,0,228
-MC-,M(C),Italy,7,7,1,1,0,Marco Brescianini,367260,Midfielder,300,Atalanta,Italy,Serie A,6.372857143,152,1,0,229
-MC-ML-MR-,M(CLR),Italy,10,2,0,0,0,Tete Morente,402087,Forward,79,Lecce,Italy,Serie A,6.367,699,1,0,230
-FW-MC-ML-MR-,"M(CLR),FW",Italy,10,7,0,0,0,Federico Bernardeschi,122402,Forward,71,Bologna,Italy,Serie A,6.364,358,2,0,231
-MC-,M(C),Italy,9,4,0,0,1,Simon Sohm,367177,Midfielder,73,Fiorentina,Italy,Serie A,6.354444444,425,2,0,232
-DMC-,DMC,Italy,11,3,0,0,1,Michel Adopo,356176,Midfielder,78,Cagliari,Italy,Serie A,6.35,844,0,0,233
-FW-MC-ML-MR-,"M(CLR),FW",Italy,11,9,0,0,1,Pedro,44055,Forward,77,Lazio,Italy,Serie A,6.347272727,333,1,0,234
-MC-,M(C),Italy,7,1,0,0,0,Éderson,362556,Midfielder,300,Atalanta,Italy,Serie A,6.345714286,499,1,0,235
-AMR-,AM(R),Italy,7,3,0,1,0,Gustav Isaksen,403648,Forward,77,Lazio,Italy,Serie A,6.344285714,414,0,0,236
-DL-ML-,"D(L),M(L)",Italy,10,1,0,0,0,Domagoj Bradaric,377311,Defender,76,Verona,Italy,Serie A,6.344,787,1,0,237
-DC-DR-MC-ML-MR-,"D(CR),M(CLR)",Italy,10,4,0,0,0,Weston McKennie,338275,Midfielder,87,Juventus,Italy,Serie A,6.343,559,1,0,238
-AMC-AML-AMR-FW-,"AM(CLR),FW",Italy,11,3,0,1,0,Boulaye Dia,365122,Forward,77,Lazio,Italy,Serie A,6.337272727,659,0,0,239
-DMC-MR-,"DMC,M(R)",Italy,9,5,0,0,0,Nahuel Estévez,362683,Midfielder,24341,Parma Calcio 1913,Italy,Serie A,6.335555556,306,1,0,240
-AMC-AML-FW-,"AM(CL),FW",Italy,11,5,0,0,1,Álvaro Morata,91213,Forward,1290,Como,Italy,Serie A,6.334545455,533,1,0,241
-MC-ML-,M(CL),Italy,7,2,0,0,0,Jurgen Ekkelenkamp,355963,Midfielder,86,Udinese,Italy,Serie A,6.33,399,0,0,242
-AMC-FW-,"AM(C),FW",Italy,8,5,0,0,0,Loïs Openda,363618,Forward,87,Juventus,Italy,Serie A,6.33,294,0,0,243
-DR-MR-,"D(R),M(R)",Italy,8,6,0,0,0,João Mário,395173,Defender,87,Juventus,Italy,Serie A,6.32875,237,1,0,244
-FW-ML-MR-,"M(LR),FW",Italy,8,8,0,2,0,Konan N’Dri,399852,Forward,79,Lecce,Italy,Serie A,6.3275,143,1,0,245
-MC-ML-MR-,M(CLR),Italy,11,2,0,1,0,Mikael Ellertsson,424834,Midfielder,278,Genoa,Italy,Serie A,6.326363636,817,1,0,246
-AMC-,AM(C),Italy,10,3,0,0,1,Mattéo Tramoni,357956,Forward,777,Pisa,Italy,Serie A,6.326,530,1,0,247
-FW-MC-ML-MR-,"M(CLR),FW",Italy,8,5,0,0,0,Eljif Elmas,339579,Midfielder,276,Napoli,Italy,Serie A,6.32375,317,1,0,248
-AMC-,AM(C),Italy,10,6,0,0,1,Gianluca Gaetano,369883,Midfielder,78,Cagliari,Italy,Serie A,6.323,385,1,0,249
-DC-DR-,D(CR),Italy,7,4,0,0,0,Koni De Winter,404623,Defender,80,AC Milan,Italy,Serie A,6.321428571,345,0,0,250
-DMC-,DMC,Italy,8,7,0,0,0,Davide Frattesi,331425,Midfielder,75,Inter,Italy,Serie A,6.315,198,0,0,251
-MC-ML-MR-,M(CLR),Italy,8,7,0,1,1,Piotr Zielinski,118169,Midfielder,75,Inter,Italy,Serie A,6.315,204,0,0,252
-AMC-AML-AMR-FW-,"AM(CLR),FW",Italy,9,2,0,2,1,Albert Gudmundsson,289252,Forward,73,Fiorentina,Italy,Serie A,6.31,567,2,0,253
-DC-DL-ML-,"D(CL),M(L)",Italy,8,3,0,0,0,Cristiano Biraghi,93935,Defender,72,Torino,Italy,Serie A,6.30875,459,0,0,254
-DC-DL-ML-,"D(CL),M(L)",Italy,8,4,0,0,0,Mathías Olivera,347178,Defender,276,Napoli,Italy,Serie A,6.30875,359,1,0,255
-DR-MR-,"D(R),M(R)",Italy,7,3,0,0,0,Manuel Lazzari,287086,Midfielder,77,Lazio,Italy,Serie A,6.305714286,294,1,0,256
-FW-MC-ML-MR-,"M(CLR),FW",Italy,7,5,0,0,1,Christopher Nkunku,300945,Forward,80,AC Milan,Italy,Serie A,6.304285714,252,0,0,257
-MC-,M(C),Italy,7,4,0,0,0,Tommaso Pobega,402123,Midfielder,71,Bologna,Italy,Serie A,6.304285714,329,1,0,258
-AML-,AM(L),Italy,8,4,0,0,0,Lameck Banda,378482,Midfielder,79,Lecce,Italy,Serie A,6.30125,370,2,0,259
-AMC-AML-,AM(CL),Italy,7,7,0,0,0,Jeremy Sarmiento,425603,Midfielder,2731,Cremonese,Italy,Serie A,6.297142857,137,0,0,260
-FW-,FW,Italy,10,2,0,1,0,Patrick Cutrone,329681,Forward,24341,Parma Calcio 1913,Italy,Serie A,6.297,683,0,0,261
-DMC-,DMC,Italy,9,2,0,0,0,Marius Marin,330629,Midfielder,777,Pisa,Italy,Serie A,6.293333333,560,2,0,262
-DC-DR-,D(CR),Italy,7,1,0,0,0,Odilon Kossounou,384516,Defender,300,Atalanta,Italy,Serie A,6.29,493,0,0,263
-MC-,M(C),Italy,11,2,0,0,0,Antoine Bernede,346744,Midfielder,76,Verona,Italy,Serie A,6.289090909,799,1,0,264
,Defender,Italy,7,5,0,1,0,Riyad Idrissi,532542,Defender,78,Cagliari,Italy,Serie A,6.287142857,238,1,0,265
-AMC-,AM(C),Italy,10,6,0,0,0,Jacopo Fazzini,431359,Midfielder,73,Fiorentina,Italy,Serie A,6.287,383,0,0,266
-AMC-,AM(C),Italy,9,6,0,0,0,Valentín Carboni,446865,Midfielder,278,Genoa,Italy,Serie A,6.284444444,336,2,0,267
-DMC-,DMC,Italy,9,2,0,0,0,Kristjan Asllani,423450,Midfielder,72,Torino,Italy,Serie A,6.283333333,612,3,0,268
-AMC-AML-AMR-FW-,"AM(CLR),FW",Italy,9,8,0,1,0,Caleb Ekuban,124209,Forward,278,Genoa,Italy,Serie A,6.281111111,272,0,0,269
-FW-,FW,Italy,9,7,0,1,0,Francesco Pio Esposito,497222,Forward,75,Inter,Italy,Serie A,6.267777778,332,1,0,270
-MC-,M(C),Italy,10,5,0,0,0,Jakub Piotrowski,363654,Midfielder,86,Udinese,Italy,Serie A,6.26,417,2,0,271
-AMR-,AM(R),Italy,8,4,0,0,0,Nicolas Kühn,420245,Forward,1290,Como,Italy,Serie A,6.26,354,0,0,272
-DMC-,DMC,Italy,9,6,0,0,0,Neil El Aynaoui,486734,Midfielder,84,Roma,Italy,Serie A,6.256666667,297,1,0,273
-ML-MR-,M(LR),Italy,7,5,0,0,0,Luis Henrique,388567,Forward,75,Inter,Italy,Serie A,6.254285714,212,0,0,274
-FW-,FW,Italy,10,8,0,0,0,Edin Dzeko,24845,Forward,73,Fiorentina,Italy,Serie A,6.243,218,1,0,275
-AMC-,AM(C),Italy,8,2,0,0,0,Martín Payero,349535,Midfielder,2731,Cremonese,Italy,Serie A,6.2425,504,3,0,276
-MC-ML-MR-,M(CLR),Italy,11,0,0,0,0,Michael Folorunsho,333294,Midfielder,78,Cagliari,Italy,Serie A,6.23,901,1,0,277
-FW-,FW,Italy,10,6,0,1,0,Lorenzo Lucca,424819,Forward,276,Napoli,Italy,Serie A,6.229,357,1,0,278
-DC-MC-,"D(C),M(C)",Italy,11,7,0,0,0,Adrien Tamèze,124721,Midfielder,72,Torino,Italy,Serie A,6.226363636,447,1,0,279
-AML-AMR-FW-,"AM(LR),FW",Italy,8,7,0,0,0,Noa Lang,354283,Forward,276,Napoli,Italy,Serie A,6.2225,154,2,0,280
-AMC-FW-,"AM(C),FW",Italy,10,5,0,1,1,Jonathan David,383855,Forward,87,Juventus,Italy,Serie A,6.219,441,0,0,281
,Defender,Italy,9,5,0,0,0,Romano Floriani Mussolini,426905,Defender,2731,Cremonese,Italy,Serie A,6.218888889,414,2,0,282
,Defender,Italy,7,6,0,1,0,Zachary Athekame,499996,Defender,80,AC Milan,Italy,Serie A,6.201428571,108,2,0,283
-AMC-,AM(C),Italy,8,4,0,0,0,Giovanni Fabbian,447528,Midfielder,71,Bologna,Italy,Serie A,6.1925,352,0,0,284
-MC-,M(C),Italy,9,3,0,0,0,Aster Vranckx,399957,Midfielder,2889,Sassuolo,Italy,Serie A,6.191111111,449,1,0,285
-FW-,FW,Italy,8,6,0,0,1,Vakoun Bayo,383814,Forward,86,Udinese,Italy,Serie A,6.18,259,0,0,286
-DR-MR-,"D(R),M(R)",Italy,10,5,0,0,0,Kingsley Ehizibue,244583,Defender,86,Udinese,Italy,Serie A,6.173,464,1,0,287
-FW-,FW,Italy,9,9,0,1,0,Walid Cheddira,447146,Forward,2889,Sassuolo,Italy,Serie A,6.167777778,72,1,0,288
-FW-,FW,Italy,10,7,0,1,0,Jeff Ekhator,535736,Forward,278,Genoa,Italy,Serie A,6.146,302,2,0,289
-AML-FW-,"AM(L),FW",Italy,11,9,0,0,0,Amin Sarr,401593,Forward,76,Verona,Italy,Serie A,6.141818182,288,0,0,290
-DMC-,DMC,Italy,8,3,0,0,0,Nicolò Fagioli,369426,Midfielder,73,Fiorentina,Italy,Serie A,6.13625,445,1,0,291
-MC-,M(C),Italy,7,5,0,0,0,Gvidas Gineitis,435108,Midfielder,72,Torino,Italy,Serie A,6.13,230,0,0,292
-AMC-AML-FW-,"AM(CL),FW",Italy,8,8,0,0,0,Zito Luvumbo,432157,Forward,78,Cagliari,Italy,Serie A,6.12875,181,0,0,293
-MC-,M(C),Italy,11,5,0,0,0,Oliver Sørensen,407076,Midfielder,24341,Parma Calcio 1913,Italy,Serie A,6.121818182,640,2,0,294
-DMC-,DMC,Italy,7,6,0,0,0,Cheikh Niasse,380711,Midfielder,76,Verona,Italy,Serie A,6.112857143,146,0,0,295
-FW-,FW,Italy,9,4,0,0,0,Henrik Meister,495906,Forward,777,Pisa,Italy,Serie A,6.094444444,492,1,0,296
,Forward,Italy,11,8,0,1,0,Francesco Camarda,510527,Forward,79,Lecce,Italy,Serie A,6.071818182,347,1,0,297
-FW-,FW,Italy,7,2,0,0,1,Antonio Sanabria,135057,Forward,2731,Cremonese,Italy,Serie A,6.068571429,378,2,0,298
-FW-,FW,Italy,9,9,0,0,0,Milan Djuric,33649,Forward,24341,Parma Calcio 1913,Italy,Serie A,6.062222222,46,0,0,299
-AMC-FW-,"AM(C),FW",Italy,11,4,0,1,0,Lorenzo Colombo,395219,Forward,278,Genoa,Italy,Serie A,6.059090909,557,1,0,300
-MC-,M(C),Italy,8,3,0,0,0,Christian Ordóñez,444691,Midfielder,24341,Parma Calcio 1913,Italy,Serie A,5.97875,360,2,1,301
-DMC-,DMC,Italy,7,4,0,0,0,Cher Ndour,476109,Midfielder,73,Fiorentina,Italy,Serie A,5.968571429,281,0,0,302
